,Player,Tm,Pos,Age,G,GS,Cmp,Att,Yds,Int,Att,Yds,Rec,Yds,Y/R,Fumbles,FumblesLost,PassingYds,PassingTD,PassingAtt,RushingYds,RushingTD,RushingAtt,ReceivingYds,ReceivingTD,FantasyPoints
0,Barry Sanders,DET,RB,23.0,15.0,15.0,0.0,0.0,0.0,0.0,342.0,1548.0,41.0,307.0,7.49,5.0,0.0,0.0,0.0,0.0,1548.0,16.0,342.0,307.0,1.0,318.5
1,Thurman Thomas,BUF,RB,25.0,15.0,15.0,0.0,0.0,0.0,0.0,288.0,1407.0,62.0,631.0,10.18,5.0,0.0,0.0,0.0,0.0,1407.0,7.0,288.0,631.0,5.0,327.79999999999995
2,Emmitt Smith,DAL,RB,22.0,16.0,16.0,0.0,0.0,0.0,0.0,365.0,1563.0,49.0,258.0,5.27,8.0,0.0,0.0,0.0,0.0,1563.0,12.0,365.0,258.0,1.0,293.1
3,Jim Kelly,BUF,QB,31.0,15.0,15.0,304.0,474.0,3844.0,17.0,20.0,45.0,0.0,0.0,0.0,6.0,0.0,3844.0,33.0,474.0,45.0,1.0,20.0,0.0,0.0,250.26
4,Jerry Rice,SFO,WR,29.0,16.0,16.0,0.0,0.0,0.0,0.0,1.0,2.0,80.0,1206.0,15.08,1.0,0.0,0.0,0.0,0.0,2.0,0.0,1.0,1206.0,14.0,282.8
5,Warren Moon,HOU,QB,35.0,16.0,16.0,404.0,655.0,4690.0,21.0,33.0,68.0,0.0,0.0,0.0,11.0,0.0,4690.0,23.0,655.0,68.0,2.0,33.0,0.0,0.0,234.40000000000003
6,Michael Irvin,DAL,WR,25.0,16.0,16.0,0.0,0.0,0.0,0.0,0.0,0.0,93.0,1523.0,16.38,3.0,0.0,0.0,0.0,0.0,0.0,0.0,0.0,1523.0,8.0,287.3
7,Gary Clark,WAS,WR,29.0,16.0,16.0,0.0,0.0,0.0,0.0,1.0,0.0,70.0,1340.0,19.14,0.0,0.0,0.0,0.0,0.0,0.0,0.0,1.0,1340.0,10.0,264.0
8,Dan Marino,MIA,QB,30.0,16.0,16.0,318.0,549.0,3970.0,13.0,27.0,32.0,0.0,0.0,0.0,6.0,0.0,3970.0,25.0,549.0,32.0,1.0,27.0,0.0,0.0,230.0
9,Mark Rypien,WAS,QB,29.0,16.0,16.0,249.0,421.0,3564.0,11.0,15.0,6.0,0.0,0.0,0.0,9.0,0.0,3564.0,28.0,421.0,6.0,1.0,15.0,0.0,0.0,221.16
10,Andre Reed,BUF,WR,27.0,16.0,16.0,0.0,0.0,0.0,0.0,12.0,136.0,81.0,1113.0,13.74,1.0,0.0,0.0,0.0,0.0,136.0,0.0,12.0,1113.0,10.0,263.90000000000003
11,Michael Haynes,ATL,WR,26.0,16.0,16.0,0.0,0.0,0.0,0.0,0.0,0.0,50.0,1122.0,22.44,0.0,0.0,0.0,0.0,0.0,0.0,0.0,0.0,1122.0,11.0,228.2
12,Rodney Hampton,NYG,RB,22.0,14.0,14.0,0.0,0.0,0.0,0.0,256.0,1059.0,43.0,283.0,6.58,5.0,0.0,0.0,0.0,0.0,1059.0,10.0,256.0,283.0,0.0,227.2
13,Mark Clayton,MIA,WR,30.0,16.0,16.0,0.0,0.0,0.0,0.0,0.0,0.0,70.0,1053.0,15.04,0.0,0.0,0.0,0.0,0.0,0.0,0.0,0.0,1053.0,12.0,247.3
14,Robert Delpino,RAM,RB,26.0,16.0,15.0,0.0,0.0,0.0,0.0,214.0,688.0,55.0,617.0,11.22,3.0,0.0,0.0,0.0,0.0,688.0,9.0,214.0,617.0,1.0,239.5
15,John Elway,DEN,QB,31.0,16.0,16.0,242.0,451.0,3253.0,12.0,55.0,255.0,1.0,24.0,24.0,12.0,0.0,3253.0,13.0,451.0,255.0,6.0,55.0,24.0,0.0,199.02
16,Andre Rison,ATL,WR,24.0,16.0,15.0,0.0,0.0,0.0,0.0,1.0,-9.0,81.0,976.0,12.05,1.0,0.0,0.0,0.0,0.0,-9.0,0.0,1.0,976.0,12.0,247.7
17,Steve Young,SFO,QB,30.0,11.0,10.0,180.0,279.0,2517.0,8.0,66.0,415.0,0.0,0.0,0.0,3.0,0.0,2517.0,17.0,279.0,415.0,4.0,66.0,0.0,0.0,212.18
18,Chris Miller,ATL,QB,26.0,15.0,14.0,220.0,413.0,3103.0,18.0,32.0,229.0,0.0,0.0,0.0,5.0,0.0,3103.0,26.0,413.0,229.0,0.0,32.0,0.0,0.0,205.02
19,Haywood Jeffires,HOU,WR,27.0,16.0,16.0,0.0,0.0,0.0,0.0,0.0,0.0,100.0,1181.0,11.81,3.0,0.0,0.0,0.0,0.0,0.0,0.0,0.0,1181.0,7.0,254.10000000000002
20,Marv Cook,NWE,TE,25.0,16.0,16.0,0.0,0.0,0.0,0.0,0.0,0.0,82.0,808.0,9.85,2.0,0.0,0.0,0.0,0.0,0.0,0.0,0.0,808.0,3.0,176.8
21,James Lofton,BUF,WR,35.0,15.0,15.0,0.0,0.0,0.0,0.0,0.0,0.0,57.0,1072.0,18.81,2.0,0.0,0.0,0.0,0.0,0.0,0.0,0.0,1072.0,8.0,208.2
22,John Taylor,SFO,WR,29.0,16.0,16.0,0.0,0.0,0.0,0.0,0.0,0.0,64.0,1011.0,15.8,1.0,0.0,0.0,0.0,0.0,0.0,0.0,0.0,1011.0,9.0,217.1
23,Art Monk,WAS,WR,34.0,16.0,16.0,0.0,0.0,0.0,0.0,9.0,19.0,71.0,1049.0,14.77,2.0,0.0,0.0,0.0,0.0,19.0,0.0,9.0,1049.0,8.0,221.8
24,Ethan Horton,RAI,TE,29.0,16.0,16.0,0.0,0.0,0.0,0.0,0.0,0.0,53.0,650.0,12.26,1.0,0.0,0.0,0.0,0.0,0.0,0.0,0.0,650.0,5.0,146.0
25,Eric Green,PIT,TE,24.0,11.0,11.0,0.0,0.0,0.0,0.0,0.0,0.0,41.0,582.0,14.2,2.0,0.0,0.0,0.0,0.0,0.0,0.0,0.0,582.0,6.0,131.2
26,Earnest Byner,WAS,RB,29.0,16.0,16.0,1.0,4.0,18.0,0.0,274.0,1048.0,34.0,308.0,9.06,3.0,0.0,18.0,1.0,4.0,1048.0,5.0,274.0,308.0,0.0,198.32
27,Jay Novacek,DAL,TE,29.0,16.0,12.0,0.0,0.0,0.0,0.0,0.0,0.0,59.0,664.0,11.25,3.0,0.0,0.0,0.0,0.0,0.0,0.0,0.0,664.0,4.0,143.4
28,Neal Anderson,CHI,RB,27.0,13.0,12.0,0.0,1.0,0.0,0.0,210.0,747.0,47.0,368.0,7.83,5.0,0.0,0.0,0.0,1.0,747.0,6.0,210.0,368.0,3.0,202.5
29,Bernie Kosar,CLE,QB,28.0,16.0,16.0,307.0,494.0,3487.0,9.0,26.0,74.0,1.0,1.0,1.0,10.0,0.0,3487.0,18.0,494.0,74.0,0.0,26.0,1.0,0.0,181.98
30,Keith Jackson,PHI,TE,26.0,16.0,16.0,0.0,0.0,0.0,0.0,0.0,0.0,48.0,569.0,11.85,2.0,0.0,0.0,0.0,0.0,0.0,0.0,0.0,569.0,5.0,130.9
31,Herschel Walker,MIN,RB,29.0,15.0,15.0,0.0,0.0,0.0,0.0,198.0,825.0,33.0,204.0,6.18,2.0,0.0,0.0,0.0,0.0,825.0,10.0,198.0,204.0,0.0,191.9
32,Jim Harbaugh,CHI,QB,28.0,16.0,16.0,275.0,478.0,3121.0,16.0,70.0,338.0,0.0,0.0,0.0,6.0,0.0,3121.0,15.0,478.0,338.0,2.0,70.0,0.0,0.0,186.64
33,Christian Okoye,KAN,RB,30.0,14.0,12.0,0.0,0.0,0.0,0.0,225.0,1031.0,3.0,34.0,11.33,5.0,0.0,0.0,0.0,0.0,1031.0,9.0,225.0,34.0,0.0,153.5
34,Kevin Mack,CLE,RB,29.0,14.0,11.0,0.0,0.0,0.0,0.0,197.0,726.0,40.0,255.0,6.38,1.0,0.0,0.0,0.0,0.0,726.0,8.0,197.0,255.0,2.0,196.1
35,Floyd Turner,NOR,WR,25.0,16.0,4.0,0.0,0.0,0.0,0.0,0.0,0.0,64.0,927.0,14.48,1.0,0.0,0.0,0.0,0.0,0.0,0.0,0.0,927.0,8.0,202.7
36,Mark Duper,MIA,WR,32.0,16.0,16.0,0.0,0.0,0.0,0.0,0.0,0.0,70.0,1085.0,15.5,0.0,0.0,0.0,0.0,0.0,0.0,0.0,0.0,1085.0,5.0,208.5
37,Allen Pinkett,HOU,RB,27.0,16.0,16.0,0.0,0.0,0.0,0.0,171.0,720.0,29.0,228.0,7.86,2.0,0.0,0.0,0.0,0.0,720.0,9.0,171.0,228.0,1.0,179.8
38,John Williams,SEA,RB,27.0,16.0,16.0,0.0,0.0,0.0,0.0,188.0,741.0,61.0,499.0,8.18,2.0,0.0,0.0,0.0,0.0,741.0,4.0,188.0,499.0,1.0,211.0
39,Steve Jordan,MIN,TE,30.0,16.0,16.0,0.0,0.0,0.0,0.0,0.0,0.0,57.0,638.0,11.19,2.0,0.0,0.0,0.0,0.0,0.0,0.0,0.0,638.0,2.0,128.8
40,Drew Hill,HOU,WR,35.0,16.0,16.0,0.0,0.0,0.0,0.0,1.0,1.0,90.0,1109.0,12.32,2.0,0.0,0.0,0.0,0.0,1.0,0.0,1.0,1109.0,4.0,221.0
41,Ernest Givins,HOU,WR,27.0,16.0,16.0,0.0,0.0,0.0,0.0,4.0,30.0,70.0,996.0,14.23,3.0,0.0,0.0,0.0,0.0,30.0,0.0,4.0,996.0,5.0,196.6
42,Wendell Davis,CHI,WR,25.0,16.0,16.0,0.0,0.0,0.0,0.0,0.0,0.0,61.0,945.0,15.49,0.0,0.0,0.0,0.0,0.0,0.0,0.0,0.0,945.0,6.0,191.5
43,Rob Moore,NYJ,WR,23.0,16.0,16.0,0.0,0.0,0.0,0.0,0.0,0.0,70.0,987.0,14.1,2.0,0.0,0.0,0.0,0.0,0.0,0.0,0.0,987.0,5.0,194.7
44,Brad Baxter,NYJ,RB,24.0,16.0,14.0,0.0,0.0,0.0,0.0,184.0,666.0,12.0,124.0,10.33,6.0,0.0,0.0,0.0,0.0,666.0,11.0,184.0,124.0,0.0,145.0
45,Cris Carter,MIN,WR,26.0,16.0,16.0,0.0,0.0,0.0,0.0,0.0,0.0,72.0,962.0,13.36,1.0,0.0,0.0,0.0,0.0,0.0,0.0,0.0,962.0,5.0,196.2
46,Rod Bernstine,SDG,RB,26.0,13.0,8.0,1.0,1.0,11.0,0.0,159.0,766.0,11.0,124.0,11.27,1.0,0.0,11.0,1.0,1.0,766.0,8.0,159.0,124.0,0.0,150.44
47,Henry Ellard,RAM,WR,30.0,16.0,16.0,0.0,0.0,0.0,0.0,0.0,0.0,64.0,1052.0,16.44,1.0,0.0,0.0,0.0,0.0,0.0,0.0,0.0,1052.0,3.0,185.2
48,Ernie Jones,PHO,WR,27.0,16.0,16.0,0.0,0.0,0.0,0.0,5.0,24.0,61.0,957.0,15.69,1.0,0.0,0.0,0.0,0.0,24.0,0.0,5.0,957.0,4.0,181.1
49,Leroy Hoard,CLE,RB,23.0,16.0,9.0,0.0,0.0,0.0,0.0,37.0,154.0,48.0,567.0,11.81,1.0,0.0,0.0,0.0,0.0,154.0,2.0,37.0,567.0,9.0,184.1
50,Keith McKeller,BUF,TE,27.0,16.0,14.0,0.0,0.0,0.0,0.0,0.0,0.0,44.0,434.0,9.86,0.0,0.0,0.0,0.0,0.0,0.0,0.0,0.0,434.0,3.0,105.4
51,Ken Clark,IND,TE,25.0,16.0,7.0,0.0,0.0,0.0,0.0,114.0,366.0,33.0,245.0,7.42,4.0,0.0,0.0,0.0,0.0,366.0,0.0,114.0,245.0,0.0,86.1
52,Sterling Sharpe,GNB,WR,26.0,16.0,16.0,0.0,0.0,0.0,0.0,4.0,4.0,69.0,961.0,13.93,1.0,0.0,0.0,0.0,0.0,4.0,0.0,4.0,961.0,4.0,187.5
53,Irving Fryar,NWE,WR,29.0,16.0,15.0,0.0,1.0,0.0,0.0,2.0,11.0,68.0,1014.0,14.91,2.0,0.0,0.0,0.0,1.0,11.0,0.0,2.0,1014.0,3.0,184.5
54,Fred Barnett,PHI,WR,25.0,15.0,15.0,0.0,0.0,0.0,0.0,1.0,0.0,62.0,948.0,15.29,2.0,0.0,0.0,0.0,0.0,0.0,0.0,1.0,948.0,4.0,176.8
55,Gaston Green,DEN,RB,25.0,13.0,12.0,0.0,0.0,0.0,0.0,261.0,1037.0,13.0,78.0,6.0,4.0,0.0,0.0,0.0,0.0,1037.0,4.0,261.0,78.0,0.0,140.5
56,Marion Butts,SDG,RB,25.0,16.0,8.0,0.0,0.0,0.0,0.0,193.0,834.0,10.0,91.0,9.1,3.0,0.0,0.0,0.0,0.0,834.0,6.0,193.0,91.0,1.0,138.5
57,Craig McEwen,SDG,TE,26.0,16.0,6.0,0.0,0.0,0.0,0.0,0.0,0.0,37.0,399.0,10.78,0.0,0.0,0.0,0.0,0.0,0.0,0.0,0.0,399.0,3.0,94.9
58,Rodney Holman,CIN,TE,31.0,16.0,15.0,0.0,0.0,0.0,0.0,0.0,0.0,31.0,445.0,14.35,1.0,0.0,0.0,0.0,0.0,0.0,0.0,0.0,445.0,2.0,85.5
59,Brian Blades,SEA,WR,26.0,16.0,16.0,0.0,0.0,0.0,0.0,2.0,17.0,70.0,1003.0,14.33,1.0,0.0,0.0,0.0,0.0,17.0,0.0,2.0,1003.0,2.0,182.0
60,Bill Brooks,IND,WR,27.0,16.0,16.0,0.0,0.0,0.0,0.0,0.0,0.0,72.0,888.0,12.33,0.0,0.0,0.0,0.0,0.0,0.0,0.0,0.0,888.0,4.0,184.8
61,Jim Price,RAM,TE,25.0,12.0,6.0,0.0,0.0,0.0,0.0,0.0,0.0,35.0,410.0,11.71,2.0,0.0,0.0,0.0,0.0,0.0,0.0,0.0,410.0,2.0,84.0
62,Reggie Cobb,TAM,RB,23.0,16.0,11.0,0.0,0.0,0.0,0.0,196.0,752.0,15.0,111.0,7.4,3.0,0.0,0.0,0.0,0.0,752.0,7.0,196.0,111.0,0.0,137.3
63,Leonard Russell,NWE,RB,22.0,16.0,15.0,0.0,0.0,0.0,0.0,266.0,959.0,18.0,81.0,4.5,8.0,0.0,0.0,0.0,0.0,959.0,4.0,266.0,81.0,0.0,130.0
64,Vince Workman,GNB,RB,23.0,16.0,0.0,0.0,0.0,0.0,0.0,71.0,237.0,46.0,371.0,8.07,3.0,0.0,0.0,0.0,0.0,237.0,7.0,71.0,371.0,4.0,166.79999999999998
65,Webster Slaughter,CLE,WR,27.0,16.0,16.0,0.0,0.0,0.0,0.0,0.0,0.0,64.0,906.0,14.16,1.0,0.0,0.0,0.0,0.0,0.0,0.0,0.0,906.0,3.0,170.6
66,Johnny Johnson,PHO,RB,23.0,15.0,13.0,0.0,0.0,0.0,0.0,196.0,666.0,29.0,225.0,7.76,2.0,0.0,0.0,0.0,0.0,666.0,4.0,196.0,225.0,2.0,150.1
67,Lawrence Dawsey,TAM,WR,24.0,16.0,10.0,0.0,0.0,0.0,0.0,1.0,9.0,55.0,818.0,14.87,0.0,0.0,0.0,0.0,0.0,9.0,1.0,1.0,818.0,3.0,161.70000000000002
68,Ken O'Brien,NYJ,QB,31.0,16.0,16.0,287.0,489.0,3300.0,11.0,23.0,60.0,1.0,27.0,27.0,6.0,0.0,3300.0,10.0,489.0,60.0,0.0,23.0,27.0,0.0,147.7
69,Mark Higgs,MIA,RB,25.0,14.0,10.0,0.0,0.0,0.0,0.0,231.0,905.0,11.0,80.0,7.27,3.0,0.0,0.0,0.0,0.0,905.0,4.0,231.0,80.0,0.0,127.5
70,Rich Gannon,MIN,QB,26.0,15.0,11.0,211.0,354.0,2166.0,6.0,43.0,236.0,1.0,0.0,0.0,2.0,0.0,2166.0,12.0,354.0,236.0,2.0,43.0,0.0,0.0,155.23999999999998
71,Jessie Hester,IND,WR,28.0,16.0,16.0,0.0,0.0,0.0,0.0,0.0,0.0,60.0,753.0,12.55,3.0,0.0,0.0,0.0,0.0,0.0,0.0,0.0,753.0,5.0,159.3
72,Ronnie Harmon,SDG,RB,27.0,16.0,0.0,0.0,0.0,0.0,0.0,89.0,544.0,59.0,555.0,9.41,2.0,0.0,0.0,0.0,0.0,544.0,1.0,89.0,555.0,1.0,176.9
73,Eric Martin,NOR,WR,30.0,16.0,13.0,0.0,0.0,0.0,0.0,0.0,0.0,66.0,803.0,12.17,2.0,0.0,0.0,0.0,0.0,0.0,0.0,0.0,803.0,4.0,166.3
74,Tim McGee,CIN,WR,27.0,16.0,16.0,0.0,0.0,0.0,0.0,0.0,0.0,51.0,802.0,15.73,1.0,0.0,0.0,0.0,0.0,0.0,0.0,0.0,802.0,4.0,153.2
75,Cedric Smith,NOR,0,23.0,6.0,0.0,0.0,0.0,0.0,0.0,0.0,0.0,0.0,0.0,0.0,0.0,0.0,0.0,0.0,0.0,0.0,0.0,0.0,0.0,0.0,0.0
76,Blair Thomas,NYJ,RB,24.0,16.0,12.0,1.0,1.0,16.0,0.0,189.0,728.0,30.0,195.0,6.5,3.0,0.0,16.0,1.0,1.0,728.0,3.0,189.0,195.0,1.0,144.94
77,Jackie Harris,GNB,TE,23.0,16.0,6.0,0.0,0.0,0.0,0.0,1.0,1.0,24.0,264.0,11.0,1.0,0.0,0.0,0.0,0.0,1.0,0.0,1.0,264.0,3.0,66.5
78,Steve DeBerg,KAN,QB,37.0,16.0,15.0,256.0,434.0,2965.0,14.0,21.0,-15.0,0.0,0.0,0.0,6.0,0.0,2965.0,17.0,434.0,-15.0,0.0,21.0,0.0,0.0,145.1
79,Jim Everett,RAM,QB,28.0,16.0,16.0,277.0,490.0,3438.0,20.0,27.0,44.0,0.0,0.0,0.0,12.0,0.0,3438.0,11.0,490.0,44.0,0.0,27.0,0.0,0.0,121.92000000000002
80,Boomer Esiason,CIN,QB,30.0,14.0,14.0,233.0,413.0,2883.0,16.0,24.0,66.0,0.0,0.0,0.0,10.0,0.0,2883.0,13.0,413.0,66.0,0.0,24.0,0.0,0.0,121.91999999999999
81,Troy Aikman,DAL,QB,25.0,12.0,12.0,237.0,363.0,2754.0,10.0,16.0,5.0,1.0,-6.0,-6.0,4.0,0.0,2754.0,11.0,363.0,5.0,1.0,16.0,-6.0,0.0,133.06
82,Hugh Millen,NWE,QB,28.0,13.0,13.0,246.0,409.0,3073.0,18.0,31.0,92.0,0.0,0.0,0.0,10.0,0.0,3073.0,9.0,409.0,92.0,1.0,31.0,0.0,0.0,118.12
83,Jay Schroeder,RAI,QB,30.0,15.0,15.0,189.0,357.0,2562.0,16.0,28.0,76.0,0.0,0.0,0.0,7.0,0.0,2562.0,15.0,357.0,76.0,0.0,28.0,0.0,0.0,124.08000000000001
84,John Friesz,SDG,QB,24.0,16.0,16.0,262.0,487.0,2896.0,15.0,10.0,18.0,0.0,0.0,0.0,10.0,0.0,2896.0,12.0,487.0,18.0,0.0,10.0,0.0,0.0,115.64000000000001
85,Jeff George,IND,QB,24.0,16.0,16.0,292.0,485.0,2910.0,12.0,16.0,36.0,0.0,0.0,0.0,8.0,0.0,2910.0,10.0,485.0,36.0,0.0,16.0,0.0,0.0,120.0
86,Jeff Hostetler,NYG,QB,30.0,12.0,12.0,179.0,285.0,2032.0,4.0,42.0,273.0,0.0,0.0,0.0,7.0,0.0,2032.0,5.0,285.0,273.0,2.0,42.0,0.0,0.0,118.57999999999998
87,Jim McMahon,PHI,QB,32.0,12.0,11.0,187.0,311.0,2239.0,11.0,22.0,55.0,1.0,-5.0,-5.0,2.0,0.0,2239.0,12.0,311.0,55.0,1.0,22.0,-5.0,0.0,123.56
88,Neil O'Donnell,PIT,QB,25.0,12.0,8.0,156.0,286.0,1963.0,7.0,18.0,82.0,0.0,0.0,0.0,11.0,0.0,1963.0,11.0,286.0,82.0,1.0,18.0,0.0,0.0,100.72
89,Keith Byars,PHI,RB,28.0,16.0,16.0,0.0,2.0,0.0,1.0,94.0,383.0,62.0,564.0,9.1,5.0,0.0,0.0,0.0,2.0,383.0,1.0,94.0,564.0,3.0,168.7
90,Merril Hoge,PIT,RB,26.0,16.0,16.0,0.0,0.0,0.0,0.0,165.0,610.0,49.0,379.0,7.73,3.0,0.0,0.0,0.0,0.0,610.0,2.0,165.0,379.0,1.0,159.9
91,James Brooks,CIN,RB,33.0,15.0,12.0,0.0,0.0,0.0,0.0,152.0,571.0,40.0,348.0,8.7,5.0,0.0,0.0,0.0,0.0,571.0,2.0,152.0,348.0,2.0,145.9
92,Brad Muster,CHI,RB,26.0,11.0,11.0,0.0,0.0,0.0,0.0,90.0,412.0,35.0,287.0,8.2,0.0,0.0,0.0,0.0,0.0,412.0,6.0,90.0,287.0,1.0,146.9
93,Ricky Ervins,WAS,RB,23.0,15.0,0.0,0.0,0.0,0.0,0.0,145.0,680.0,16.0,181.0,11.31,1.0,0.0,0.0,0.0,0.0,680.0,3.0,145.0,181.0,1.0,124.1
94,Dave Krieg,SEA,QB,33.0,10.0,9.0,187.0,285.0,2080.0,12.0,13.0,59.0,0.0,0.0,0.0,6.0,0.0,2080.0,11.0,285.0,59.0,0.0,13.0,0.0,0.0,97.10000000000001
95,Steve Bono,SFO,QB,29.0,9.0,6.0,141.0,237.0,1617.0,4.0,17.0,46.0,0.0,0.0,0.0,7.0,0.0,1617.0,11.0,237.0,46.0,0.0,17.0,0.0,0.0,91.28
96,Kenneth Davis,BUF,RB,29.0,16.0,1.0,0.0,0.0,0.0,0.0,129.0,624.0,20.0,118.0,5.9,0.0,0.0,0.0,0.0,0.0,624.0,4.0,129.0,118.0,1.0,124.19999999999999
97,Anthony Carter,MIN,WR,31.0,15.0,15.0,0.0,0.0,0.0,0.0,13.0,117.0,51.0,553.0,10.84,0.0,0.0,0.0,0.0,0.0,117.0,1.0,13.0,553.0,5.0,154.0
98,Erik Kramer,DET,QB,27.0,13.0,8.0,136.0,265.0,1635.0,8.0,35.0,26.0,0.0,0.0,0.0,8.0,0.0,1635.0,11.0,265.0,26.0,1.0,35.0,0.0,0.0,86.0
99,Gill Fenerty,NOR,RB,28.0,16.0,12.0,0.0,0.0,0.0,0.0,139.0,477.0,26.0,235.0,9.04,1.0,0.0,0.0,0.0,0.0,477.0,3.0,139.0,235.0,2.0,125.2
100,Willie Green,DET,WR,25.0,16.0,15.0,0.0,0.0,0.0,0.0,0.0,0.0,39.0,592.0,15.18,0.0,0.0,0.0,0.0,0.0,0.0,0.0,0.0,592.0,7.0,140.2
101,Mike Tomczak,GNB,QB,29.0,12.0,7.0,128.0,238.0,1490.0,9.0,17.0,93.0,0.0,0.0,0.0,5.0,0.0,1490.0,11.0,238.0,93.0,1.0,17.0,0.0,0.0,90.89999999999999
102,Robert Clark,DET,WR,26.0,14.0,14.0,0.0,0.0,0.0,0.0,0.0,0.0,47.0,640.0,13.62,0.0,0.0,0.0,0.0,0.0,0.0,0.0,0.0,640.0,6.0,147.0
103,Mark Ingram,NYG,WR,26.0,16.0,13.0,0.0,1.0,0.0,0.0,0.0,0.0,51.0,824.0,16.16,3.0,0.0,0.0,0.0,1.0,0.0,0.0,0.0,824.0,3.0,145.4
104,Eric Dickerson,IND,RB,31.0,10.0,9.0,0.0,0.0,0.0,0.0,167.0,536.0,41.0,269.0,6.56,6.0,0.0,0.0,0.0,0.0,536.0,2.0,167.0,269.0,1.0,127.5
105,Harold Green,CIN,RB,23.0,14.0,10.0,0.0,0.0,0.0,0.0,158.0,731.0,16.0,136.0,8.5,2.0,0.0,0.0,0.0,0.0,731.0,2.0,158.0,136.0,0.0,110.69999999999999
106,Ricky Sanders,WAS,WR,31.0,16.0,7.0,0.0,0.0,0.0,0.0,7.0,47.0,45.0,580.0,12.89,0.0,0.0,0.0,0.0,0.0,47.0,1.0,7.0,580.0,5.0,143.7
107,Keith Henderson,SFO,RB,25.0,14.0,1.0,0.0,0.0,0.0,0.0,137.0,561.0,30.0,303.0,10.1,4.0,0.0,0.0,0.0,0.0,561.0,2.0,137.0,303.0,0.0,120.4
108,Steve Walsh,NOR,QB,25.0,8.0,7.0,141.0,255.0,1638.0,6.0,8.0,0.0,0.0,0.0,0.0,3.0,0.0,1638.0,11.0,255.0,0.0,0.0,8.0,0.0,0.0,91.52
109,Al Toon,NYJ,WR,28.0,15.0,15.0,1.0,1.0,27.0,0.0,0.0,0.0,74.0,963.0,13.01,0.0,0.0,27.0,0.0,1.0,0.0,0.0,0.0,963.0,0.0,171.38
110,Eddie Brown,CIN,WR,29.0,13.0,12.0,0.0,0.0,0.0,0.0,1.0,8.0,59.0,827.0,14.02,0.0,0.0,0.0,0.0,0.0,8.0,0.0,1.0,827.0,2.0,154.5
111,Tom Tupa,PHO,QB,25.0,11.0,11.0,165.0,315.0,2053.0,13.0,28.0,97.0,0.0,0.0,0.0,8.0,0.0,2053.0,6.0,315.0,97.0,1.0,28.0,0.0,0.0,79.82000000000001
112,Dwight Stone,PIT,WR,27.0,16.0,8.0,0.0,0.0,0.0,0.0,1.0,2.0,32.0,649.0,20.28,0.0,0.0,0.0,0.0,0.0,2.0,0.0,1.0,649.0,5.0,127.10000000000001
113,Barry Word,KAN,RB,28.0,16.0,3.0,0.0,0.0,0.0,0.0,160.0,684.0,2.0,13.0,6.5,1.0,0.0,0.0,0.0,0.0,684.0,4.0,160.0,13.0,0.0,93.7
114,Bobby Hebert,NOR,QB,31.0,9.0,9.0,149.0,248.0,1676.0,8.0,18.0,56.0,0.0,0.0,0.0,5.0,0.0,1676.0,9.0,248.0,56.0,0.0,18.0,0.0,0.0,82.64
115,Vinny Testaverde,TAM,QB,28.0,13.0,12.0,166.0,326.0,1994.0,15.0,32.0,101.0,0.0,0.0,0.0,5.0,0.0,1994.0,8.0,326.0,101.0,0.0,32.0,0.0,0.0,81.86
116,Lorenzo White,HOU,RB,25.0,13.0,0.0,0.0,0.0,0.0,0.0,110.0,465.0,27.0,211.0,7.81,3.0,0.0,0.0,0.0,0.0,465.0,4.0,110.0,211.0,0.0,112.6
117,Ricky Proehl,PHO,WR,23.0,16.0,16.0,0.0,0.0,0.0,0.0,3.0,21.0,55.0,766.0,13.93,0.0,0.0,0.0,0.0,0.0,21.0,0.0,3.0,766.0,2.0,145.7
118,Gerald Riggs,WAS,RB,31.0,16.0,0.0,0.0,0.0,0.0,0.0,78.0,248.0,1.0,5.0,5.0,1.0,0.0,0.0,0.0,0.0,248.0,11.0,78.0,5.0,0.0,90.3
119,Jeff Kemp,2TM,QB,32.0,14.0,7.0,151.0,295.0,1753.0,17.0,38.0,179.0,0.0,0.0,0.0,5.0,0.0,1753.0,9.0,295.0,179.0,0.0,38.0,0.0,0.0,80.02000000000001
120,Steve Sewell,DEN,RB,28.0,16.0,1.0,1.0,3.0,24.0,0.0,50.0,211.0,38.0,436.0,11.47,1.0,0.0,24.0,0.0,3.0,211.0,2.0,50.0,436.0,2.0,125.66
121,Tommy Kane,SEA,WR,27.0,16.0,15.0,0.0,0.0,0.0,0.0,0.0,0.0,50.0,763.0,15.26,1.0,0.0,0.0,0.0,0.0,0.0,0.0,0.0,763.0,2.0,136.3
122,Steve Broussard,ATL,RB,24.0,14.0,5.0,0.0,0.0,0.0,0.0,99.0,449.0,12.0,120.0,10.0,1.0,0.0,0.0,0.0,0.0,449.0,4.0,99.0,120.0,1.0,96.9
123,Tim Brown,RAI,WR,25.0,16.0,1.0,0.0,0.0,0.0,0.0,5.0,16.0,36.0,554.0,15.39,1.0,0.0,0.0,0.0,0.0,16.0,0.0,5.0,554.0,5.0,121.0
124,Tim Barnett,KAN,WR,23.0,16.0,8.0,0.0,0.0,0.0,0.0,0.0,0.0,41.0,564.0,13.76,0.0,0.0,0.0,0.0,0.0,0.0,0.0,0.0,564.0,5.0,127.4
125,Curtis Duncan,HOU,WR,26.0,16.0,16.0,0.0,0.0,0.0,0.0,0.0,0.0,55.0,588.0,10.69,1.0,0.0,0.0,0.0,0.0,0.0,0.0,0.0,588.0,4.0,135.8
126,Anthony Miller,SDG,WR,26.0,13.0,12.0,0.0,0.0,0.0,0.0,0.0,0.0,44.0,649.0,14.75,1.0,0.0,0.0,0.0,0.0,0.0,0.0,0.0,649.0,3.0,124.9
127,Tom Rathman,SFO,RB,29.0,16.0,16.0,0.0,0.0,0.0,0.0,63.0,183.0,34.0,286.0,8.41,2.0,0.0,0.0,0.0,0.0,183.0,6.0,63.0,286.0,0.0,112.9
128,Mark Carrier,TAM,WR,26.0,16.0,16.0,0.0,0.0,0.0,0.0,0.0,0.0,47.0,698.0,14.85,2.0,0.0,0.0,0.0,0.0,0.0,0.0,0.0,698.0,2.0,124.80000000000001
129,Dexter Carter,SFO,RB,24.0,16.0,15.0,0.0,0.0,0.0,0.0,85.0,379.0,23.0,253.0,11.0,5.0,0.0,0.0,0.0,0.0,379.0,2.0,85.0,253.0,1.0,94.19999999999999
130,Rodney Peete,DET,QB,25.0,8.0,8.0,116.0,194.0,1339.0,9.0,25.0,125.0,0.0,0.0,0.0,2.0,0.0,1339.0,5.0,194.0,125.0,2.0,25.0,0.0,0.0,76.06
131,Terry Allen,MIN,RB,23.0,15.0,6.0,0.0,0.0,0.0,0.0,120.0,563.0,6.0,49.0,8.17,4.0,0.0,0.0,0.0,0.0,563.0,2.0,120.0,49.0,1.0,77.19999999999999
132,Roger Craig,RAI,RB,31.0,15.0,13.0,0.0,0.0,0.0,0.0,162.0,590.0,17.0,136.0,8.0,2.0,0.0,0.0,0.0,0.0,590.0,1.0,162.0,136.0,0.0,91.6
133,Louis Lipps,PIT,WR,29.0,15.0,14.0,0.0,0.0,0.0,0.0,0.0,0.0,55.0,671.0,12.2,1.0,0.0,0.0,0.0,0.0,0.0,0.0,0.0,671.0,2.0,132.1
134,Tom Waddle,CHI,WR,24.0,16.0,13.0,0.0,0.0,0.0,0.0,0.0,0.0,55.0,599.0,10.89,2.0,0.0,0.0,0.0,0.0,0.0,0.0,0.0,599.0,3.0,128.9
135,Stephen Baker,NYG,WR,27.0,15.0,13.0,0.0,0.0,0.0,0.0,0.0,0.0,30.0,525.0,17.5,0.0,0.0,0.0,0.0,0.0,0.0,0.0,0.0,525.0,4.0,106.5
136,Don Beebe,BUF,WR,27.0,11.0,7.0,0.0,0.0,0.0,0.0,0.0,0.0,32.0,414.0,12.94,3.0,0.0,0.0,0.0,0.0,0.0,0.0,0.0,414.0,6.0,103.4
137,Harvey Williams,KAN,RB,24.0,14.0,1.0,0.0,1.0,0.0,0.0,97.0,447.0,16.0,147.0,9.19,1.0,0.0,0.0,0.0,1.0,447.0,1.0,97.0,147.0,2.0,91.4
138,Harry Sydney,SFO,RB,32.0,16.0,0.0,0.0,1.0,0.0,0.0,57.0,245.0,13.0,90.0,6.92,3.0,0.0,0.0,0.0,1.0,245.0,5.0,57.0,90.0,2.0,82.5
139,Mervyn Fernandez,RAI,WR,32.0,16.0,13.0,0.0,0.0,0.0,0.0,0.0,0.0,46.0,694.0,15.09,0.0,0.0,0.0,0.0,0.0,0.0,0.0,0.0,694.0,1.0,121.4
140,Mike Young,DEN,WR,29.0,16.0,13.0,0.0,0.0,0.0,0.0,0.0,0.0,44.0,629.0,14.3,1.0,0.0,0.0,0.0,0.0,0.0,0.0,0.0,629.0,2.0,116.9
141,Bubby Brister,PIT,QB,29.0,8.0,8.0,103.0,190.0,1350.0,9.0,11.0,17.0,0.0,0.0,0.0,4.0,0.0,1350.0,9.0,190.0,17.0,0.0,11.0,0.0,0.0,65.7
142,Nate Lewis,SDG,WR,25.0,16.0,9.0,0.0,0.0,0.0,0.0,3.0,10.0,42.0,554.0,13.19,0.0,0.0,0.0,0.0,0.0,10.0,0.0,3.0,554.0,3.0,116.4
143,Brett Perriman,DET,WR,26.0,15.0,14.0,0.0,0.0,0.0,0.0,4.0,10.0,52.0,668.0,12.85,0.0,0.0,0.0,0.0,0.0,10.0,0.0,4.0,668.0,1.0,125.8
144,Mike Pritchard,ATL,WR,22.0,16.0,11.0,0.0,0.0,0.0,0.0,0.0,0.0,50.0,624.0,12.48,2.0,0.0,0.0,0.0,0.0,0.0,0.0,0.0,624.0,2.0,120.4
145,Phil Simms,NYG,QB,36.0,6.0,4.0,82.0,141.0,993.0,4.0,9.0,42.0,0.0,0.0,0.0,4.0,0.0,993.0,8.0,141.0,42.0,1.0,9.0,0.0,0.0,65.92
146,Barry Foster,PIT,RB,23.0,10.0,9.0,0.0,0.0,0.0,0.0,96.0,488.0,9.0,117.0,13.0,5.0,0.0,0.0,0.0,0.0,488.0,1.0,96.0,117.0,1.0,71.5
147,Don Majkowski,GNB,QB,27.0,9.0,8.0,115.0,226.0,1362.0,8.0,25.0,108.0,0.0,0.0,0.0,10.0,0.0,1362.0,3.0,226.0,108.0,2.0,25.0,0.0,0.0,53.27999999999999
148,Greg McMurtry,NWE,WR,24.0,15.0,12.0,0.0,0.0,0.0,0.0,0.0,0.0,41.0,614.0,14.98,1.0,0.0,0.0,0.0,0.0,0.0,0.0,0.0,614.0,2.0,112.4
149,Perry Kemp,GNB,WR,30.0,16.0,12.0,0.0,0.0,0.0,0.0,0.0,0.0,42.0,583.0,13.88,2.0,0.0,0.0,0.0,0.0,0.0,0.0,0.0,583.0,2.0,108.3
150,Dalton Hilliard,NOR,RB,27.0,10.0,3.0,0.0,0.0,0.0,0.0,79.0,252.0,21.0,127.0,6.05,3.0,0.0,0.0,0.0,0.0,252.0,4.0,79.0,127.0,1.0,82.9
151,Mark Jackson,DEN,WR,28.0,12.0,10.0,0.0,0.0,0.0,0.0,2.0,18.0,33.0,603.0,18.27,1.0,0.0,0.0,0.0,0.0,18.0,0.0,2.0,603.0,1.0,99.1
152,James Joseph,PHI,RB,24.0,16.0,3.0,0.0,0.0,0.0,0.0,135.0,440.0,10.0,64.0,6.4,2.0,0.0,0.0,0.0,0.0,440.0,3.0,135.0,64.0,0.0,74.4
153,Quinn Early,NOR,WR,26.0,15.0,12.0,0.0,0.0,0.0,0.0,3.0,13.0,32.0,541.0,16.91,2.0,0.0,0.0,0.0,0.0,13.0,0.0,3.0,541.0,2.0,95.39999999999999
154,Warren Williams,PIT,RB,26.0,16.0,3.0,0.0,0.0,0.0,0.0,57.0,262.0,15.0,139.0,9.27,2.0,0.0,0.0,0.0,0.0,262.0,4.0,57.0,139.0,0.0,75.1
155,Reggie Langhorne,CLE,WR,28.0,14.0,9.0,0.0,0.0,0.0,0.0,0.0,0.0,39.0,505.0,12.95,0.0,0.0,0.0,0.0,0.0,0.0,0.0,0.0,505.0,2.0,101.5
156,Greg Lewis,DEN,RB,22.0,16.0,4.0,0.0,0.0,0.0,0.0,99.0,376.0,2.0,9.0,4.5,3.0,0.0,0.0,0.0,0.0,376.0,4.0,99.0,9.0,0.0,58.5
157,Fred McAfee,NOR,RB,23.0,9.0,0.0,0.0,0.0,0.0,0.0,109.0,494.0,1.0,8.0,8.0,2.0,0.0,0.0,0.0,0.0,494.0,2.0,109.0,8.0,0.0,59.199999999999996
158,Emile Harry,KAN,WR,28.0,12.0,8.0,0.0,0.0,0.0,0.0,0.0,0.0,35.0,431.0,12.31,0.0,0.0,0.0,0.0,0.0,0.0,0.0,0.0,431.0,3.0,96.1
159,Craig Heyward,NOR,RB,25.0,7.0,4.0,1.0,1.0,44.0,0.0,76.0,260.0,4.0,34.0,8.5,0.0,0.0,44.0,0.0,1.0,260.0,4.0,76.0,34.0,1.0,65.16
160,Darrell Thompson,GNB,RB,24.0,13.0,13.0,0.0,0.0,0.0,0.0,141.0,471.0,7.0,71.0,10.14,1.0,0.0,0.0,0.0,0.0,471.0,1.0,141.0,71.0,0.0,65.2
161,Flipper Anderson,RAM,WR,26.0,12.0,10.0,0.0,0.0,0.0,0.0,0.0,0.0,32.0,530.0,16.56,2.0,0.0,0.0,0.0,0.0,0.0,0.0,0.0,530.0,1.0,87.0
162,J.J. Birden,KAN,WR,26.0,15.0,0.0,0.0,0.0,0.0,0.0,0.0,0.0,27.0,465.0,17.22,1.0,0.0,0.0,0.0,0.0,0.0,0.0,0.0,465.0,2.0,83.5
163,Willie Gault,RAI,WR,31.0,16.0,15.0,0.0,0.0,0.0,0.0,0.0,0.0,20.0,346.0,17.3,0.0,0.0,0.0,0.0,0.0,0.0,0.0,0.0,346.0,4.0,78.6
164,Michael Timpson,NWE,WR,24.0,16.0,2.0,0.0,0.0,0.0,0.0,1.0,-4.0,25.0,471.0,18.84,2.0,0.0,0.0,0.0,0.0,-4.0,0.0,1.0,471.0,2.0,79.69999999999999
165,Marcus Allen,RAI,RB,31.0,8.0,2.0,1.0,2.0,11.0,0.0,63.0,287.0,15.0,131.0,8.73,1.0,0.0,11.0,1.0,2.0,287.0,2.0,63.0,131.0,0.0,71.24
166,Derrick Fenner,SEA,RB,24.0,11.0,7.0,0.0,0.0,0.0,0.0,91.0,267.0,11.0,72.0,6.55,2.0,0.0,0.0,0.0,0.0,267.0,4.0,91.0,72.0,0.0,64.9
167,Chris Burkett,NYJ,WR,29.0,15.0,1.0,0.0,0.0,0.0,0.0,1.0,-2.0,23.0,327.0,14.22,0.0,0.0,0.0,0.0,0.0,-2.0,0.0,1.0,327.0,4.0,79.5
168,Keith Woodside,GNB,RB,27.0,16.0,12.0,0.0,0.0,0.0,0.0,84.0,326.0,22.0,185.0,8.41,3.0,0.0,0.0,0.0,0.0,326.0,1.0,84.0,185.0,0.0,73.1
169,Randal Hill,2TM,WR,22.0,16.0,4.0,0.0,0.0,0.0,0.0,0.0,0.0,43.0,495.0,11.51,0.0,0.0,0.0,0.0,0.0,0.0,0.0,0.0,495.0,1.0,98.5
170,Robb Thomas,KAN,WR,25.0,15.0,12.0,0.0,0.0,0.0,0.0,0.0,0.0,43.0,495.0,11.51,0.0,0.0,0.0,0.0,0.0,0.0,0.0,0.0,495.0,1.0,98.5
171,Nick Bell,RAI,RB,23.0,9.0,1.0,0.0,0.0,0.0,0.0,78.0,307.0,6.0,62.0,10.33,2.0,0.0,0.0,0.0,0.0,307.0,3.0,78.0,62.0,0.0,56.9
172,Tony Martin,MIA,WR,26.0,16.0,0.0,0.0,0.0,0.0,0.0,0.0,0.0,27.0,434.0,16.07,2.0,0.0,0.0,0.0,0.0,0.0,0.0,0.0,434.0,2.0,78.4
173,Tony Paige,MIA,RB,29.0,16.0,16.0,0.0,0.0,0.0,0.0,10.0,25.0,57.0,469.0,8.23,1.0,0.0,0.0,0.0,0.0,25.0,0.0,10.0,469.0,1.0,110.4
174,Darrin Nelson,MIN,RB,32.0,16.0,0.0,1.0,1.0,25.0,0.0,28.0,210.0,19.0,142.0,7.47,2.0,0.0,25.0,1.0,1.0,210.0,2.0,28.0,142.0,0.0,67.2
175,Steve Smith,RAI,RB,27.0,16.0,16.0,0.0,0.0,0.0,0.0,62.0,265.0,15.0,130.0,8.67,4.0,0.0,0.0,0.0,0.0,265.0,1.0,62.0,130.0,1.0,58.5
176,Gary Anderson,TAM,RB,30.0,16.0,5.0,0.0,0.0,0.0,0.0,72.0,263.0,25.0,184.0,7.36,4.0,0.0,0.0,0.0,0.0,263.0,1.0,72.0,184.0,0.0,67.7
177,Steve Beuerlein,DAL,QB,26.0,8.0,4.0,68.0,137.0,909.0,2.0,7.0,-14.0,0.0,0.0,0.0,0.0,0.0,909.0,5.0,137.0,-14.0,0.0,7.0,0.0,0.0,50.96
178,Calvin Williams,PHI,WR,24.0,12.0,11.0,0.0,0.0,0.0,0.0,0.0,0.0,33.0,326.0,9.88,1.0,0.0,0.0,0.0,0.0,0.0,0.0,0.0,326.0,3.0,81.6
179,Mike Farr,DET,WR,24.0,16.0,13.0,0.0,0.0,0.0,0.0,0.0,0.0,42.0,431.0,10.26,1.0,0.0,0.0,0.0,0.0,0.0,0.0,0.0,431.0,1.0,89.1
180,Joe Morris,CLE,RB,31.0,16.0,4.0,0.0,0.0,0.0,0.0,93.0,289.0,13.0,76.0,5.85,2.0,0.0,0.0,0.0,0.0,289.0,2.0,93.0,76.0,0.0,57.5
181,Anthony Thompson,PHO,RB,24.0,16.0,4.0,0.0,1.0,0.0,0.0,126.0,376.0,7.0,52.0,7.43,3.0,0.0,0.0,0.0,1.0,376.0,1.0,126.0,52.0,0.0,49.8
182,George Thomas,ATL,WR,27.0,12.0,6.0,0.0,0.0,0.0,0.0,0.0,0.0,28.0,365.0,13.04,0.0,0.0,0.0,0.0,0.0,0.0,0.0,0.0,365.0,2.0,76.5
183,Freeman McNeil,NYJ,RB,32.0,13.0,1.0,0.0,0.0,0.0,0.0,51.0,300.0,7.0,56.0,8.0,1.0,0.0,0.0,0.0,0.0,300.0,2.0,51.0,56.0,0.0,52.6
184,Chris Chandler,2TM,QB,26.0,9.0,5.0,78.0,154.0,846.0,10.0,26.0,111.0,0.0,0.0,0.0,6.0,0.0,846.0,5.0,154.0,111.0,0.0,26.0,0.0,0.0,32.940000000000005
185,Mark Green,CHI,RB,24.0,16.0,4.0,0.0,0.0,0.0,0.0,61.0,217.0,6.0,54.0,9.0,4.0,0.0,0.0,0.0,0.0,217.0,3.0,61.0,54.0,0.0,43.1
186,Todd McNair,KAN,RB,26.0,14.0,0.0,0.0,0.0,0.0,0.0,10.0,51.0,37.0,342.0,9.24,2.0,0.0,0.0,0.0,0.0,51.0,0.0,10.0,342.0,1.0,78.3
187,Sammie Smith,MIA,RB,24.0,12.0,6.0,0.0,0.0,0.0,0.0,83.0,297.0,14.0,95.0,6.79,3.0,0.0,0.0,0.0,0.0,297.0,1.0,83.0,95.0,0.0,53.2
188,Jeff Chadwick,SEA,WR,31.0,12.0,0.0,0.0,0.0,0.0,0.0,0.0,0.0,22.0,255.0,11.59,0.0,0.0,0.0,0.0,0.0,0.0,0.0,0.0,255.0,3.0,65.5
189,Anthony Johnson,IND,RB,24.0,9.0,6.0,0.0,0.0,0.0,0.0,22.0,94.0,42.0,344.0,8.19,2.0,0.0,0.0,0.0,0.0,94.0,0.0,22.0,344.0,0.0,81.80000000000001
190,Hassan Jones,MIN,WR,27.0,16.0,7.0,0.0,0.0,0.0,0.0,0.0,0.0,32.0,384.0,12.0,1.0,0.0,0.0,0.0,0.0,0.0,0.0,0.0,384.0,1.0,74.4
191,James Jones,SEA,RB,30.0,16.0,6.0,0.0,0.0,0.0,0.0,45.0,154.0,10.0,103.0,10.3,2.0,0.0,0.0,0.0,0.0,154.0,3.0,45.0,103.0,0.0,49.7
192,Terry Orr,WAS,TE,30.0,16.0,6.0,0.0,0.0,0.0,0.0,0.0,0.0,10.0,201.0,20.1,0.0,0.0,0.0,0.0,0.0,0.0,0.0,0.0,201.0,4.0,54.1
193,Cleveland Gary,RAM,RB,25.0,10.0,2.0,0.0,0.0,0.0,0.0,68.0,245.0,13.0,110.0,8.46,1.0,0.0,0.0,0.0,0.0,245.0,1.0,68.0,110.0,0.0,52.5
194,Brent Jones,SFO,TE,28.0,10.0,9.0,0.0,0.0,0.0,0.0,0.0,0.0,27.0,417.0,15.44,2.0,0.0,0.0,0.0,0.0,0.0,0.0,0.0,417.0,0.0,64.7
195,Buford Jordan,NOR,RB,29.0,14.0,6.0,0.0,0.0,0.0,0.0,47.0,150.0,15.0,92.0,6.13,2.0,0.0,0.0,0.0,0.0,150.0,2.0,47.0,92.0,1.0,53.2
196,Mike Sherrard,SFO,WR,28.0,16.0,0.0,0.0,0.0,0.0,0.0,0.0,0.0,24.0,296.0,12.33,0.0,0.0,0.0,0.0,0.0,0.0,0.0,0.0,296.0,2.0,65.6
197,Robert Wilson,TAM,RB,22.0,16.0,15.0,0.0,0.0,0.0,0.0,42.0,179.0,20.0,121.0,6.05,3.0,0.0,0.0,0.0,0.0,179.0,0.0,42.0,121.0,2.0,56.0
198,Carwell Gardner,BUF,RB,25.0,16.0,5.0,0.0,0.0,0.0,0.0,42.0,146.0,3.0,20.0,6.67,4.0,0.0,0.0,0.0,0.0,146.0,4.0,42.0,20.0,0.0,35.6
199,Terance Mathis,NYJ,WR,24.0,16.0,1.0,0.0,0.0,0.0,0.0,1.0,19.0,28.0,329.0,11.75,4.0,0.0,0.0,0.0,0.0,19.0,0.0,1.0,329.0,1.0,60.80000000000001
200,Ricky Nattiel,DEN,WR,25.0,16.0,0.0,0.0,0.0,0.0,0.0,0.0,0.0,16.0,288.0,18.0,2.0,0.0,0.0,0.0,0.0,0.0,0.0,0.0,288.0,2.0,52.8
201,Erric Pegram,ATL,RB,22.0,16.0,7.0,0.0,0.0,0.0,0.0,101.0,349.0,1.0,-1.0,-1.0,1.0,0.0,0.0,0.0,0.0,349.0,1.0,101.0,-1.0,0.0,39.8
202,Howard Cross,NYG,TE,24.0,16.0,16.0,0.0,0.0,0.0,0.0,0.0,0.0,20.0,283.0,14.15,1.0,0.0,0.0,0.0,0.0,0.0,0.0,0.0,283.0,2.0,58.3
203,Johnny Hector,NYJ,RB,31.0,14.0,1.0,0.0,0.0,0.0,0.0,62.0,345.0,7.0,51.0,7.29,0.0,0.0,0.0,0.0,0.0,345.0,0.0,62.0,51.0,0.0,46.6
204,Shannon Sharpe,DEN,TE,23.0,16.0,9.0,0.0,0.0,0.0,0.0,1.0,15.0,22.0,322.0,14.64,0.0,0.0,0.0,0.0,0.0,15.0,0.0,1.0,322.0,1.0,61.7
205,John Stephens,NWE,RB,25.0,14.0,3.0,0.0,0.0,0.0,0.0,63.0,163.0,16.0,119.0,7.44,0.0,0.0,0.0,0.0,0.0,163.0,2.0,63.0,119.0,0.0,56.2
206,Craig Taylor,CIN,RB,25.0,12.0,3.0,0.0,0.0,0.0,0.0,33.0,153.0,21.0,122.0,5.81,1.0,0.0,0.0,0.0,0.0,153.0,2.0,33.0,122.0,0.0,58.5
207,Jon Vaughn,NWE,RB,21.0,16.0,2.0,1.0,2.0,13.0,0.0,31.0,146.0,9.0,89.0,9.89,1.0,0.0,13.0,1.0,2.0,146.0,2.0,31.0,89.0,0.0,47.02
208,Brian Brennan,CLE,WR,29.0,15.0,3.0,0.0,0.0,0.0,0.0,0.0,0.0,31.0,325.0,10.48,1.0,0.0,0.0,0.0,0.0,0.0,0.0,0.0,325.0,1.0,67.5
209,Alvin Harper,DAL,WR,23.0,15.0,5.0,0.0,0.0,0.0,0.0,0.0,0.0,20.0,326.0,16.3,0.0,0.0,0.0,0.0,0.0,0.0,0.0,0.0,326.0,1.0,58.6
210,Michael Jackson,CLE,WR,22.0,16.0,7.0,0.0,0.0,0.0,0.0,0.0,0.0,17.0,268.0,15.76,0.0,0.0,0.0,0.0,0.0,0.0,0.0,0.0,268.0,2.0,55.8
211,Vance Johnson,DEN,WR,28.0,10.0,0.0,0.0,0.0,0.0,0.0,0.0,0.0,21.0,208.0,9.9,1.0,0.0,0.0,0.0,0.0,0.0,0.0,0.0,208.0,3.0,57.8
212,Mike Rozier,ATL,RB,30.0,11.0,0.0,0.0,0.0,0.0,0.0,96.0,361.0,2.0,15.0,7.5,2.0,0.0,0.0,0.0,0.0,361.0,0.0,96.0,15.0,0.0,35.6
213,Derek Russell,DEN,WR,22.0,13.0,5.0,0.0,0.0,0.0,0.0,0.0,0.0,21.0,317.0,15.1,0.0,0.0,0.0,0.0,0.0,0.0,0.0,0.0,317.0,1.0,58.7
214,Lewis Tillman,NYG,RB,25.0,16.0,1.0,0.0,0.0,0.0,0.0,65.0,287.0,5.0,30.0,6.0,2.0,0.0,0.0,0.0,0.0,287.0,1.0,65.0,30.0,0.0,38.7
215,Damone Johnson,RAM,TE,29.0,16.0,16.0,0.0,0.0,0.0,0.0,0.0,0.0,32.0,253.0,7.91,0.0,0.0,0.0,0.0,0.0,0.0,0.0,0.0,253.0,2.0,69.3
216,Tony Jones,HOU,WR,26.0,16.0,0.0,0.0,0.0,0.0,0.0,0.0,0.0,19.0,251.0,13.21,1.0,0.0,0.0,0.0,0.0,0.0,0.0,0.0,251.0,2.0,54.1
217,Ickey Woods,CIN,RB,25.0,9.0,2.0,0.0,0.0,0.0,0.0,36.0,97.0,6.0,36.0,6.0,2.0,0.0,0.0,0.0,0.0,97.0,4.0,36.0,36.0,0.0,39.3
218,Roy Green,PHI,WR,34.0,13.0,3.0,0.0,0.0,0.0,0.0,0.0,0.0,29.0,364.0,12.55,0.0,0.0,0.0,0.0,0.0,0.0,0.0,0.0,364.0,0.0,65.4
219,Daryl Johnston,DAL,RB,25.0,16.0,14.0,0.0,0.0,0.0,0.0,17.0,54.0,28.0,244.0,8.71,0.0,0.0,0.0,0.0,0.0,54.0,0.0,17.0,244.0,1.0,63.8
220,Odessa Turner,NYG,WR,27.0,16.0,3.0,0.0,0.0,0.0,0.0,0.0,0.0,21.0,356.0,16.95,0.0,0.0,0.0,0.0,0.0,0.0,0.0,0.0,356.0,0.0,56.6
221,Louis Clark,SEA,WR,27.0,16.0,0.0,0.0,0.0,0.0,0.0,0.0,0.0,21.0,228.0,10.86,0.0,0.0,0.0,0.0,0.0,0.0,0.0,0.0,228.0,2.0,55.8
222,Anthony Morgan,CHI,WR,24.0,14.0,2.0,0.0,0.0,0.0,0.0,3.0,18.0,13.0,211.0,16.23,1.0,0.0,0.0,0.0,0.0,18.0,0.0,3.0,211.0,2.0,45.9
223,Heath Sherman,PHI,RB,24.0,16.0,5.0,0.0,0.0,0.0,0.0,106.0,279.0,14.0,59.0,4.21,3.0,0.0,0.0,0.0,0.0,279.0,0.0,106.0,59.0,0.0,41.8
224,James Thornton,CHI,TE,26.0,16.0,13.0,0.0,0.0,0.0,0.0,0.0,0.0,17.0,278.0,16.35,1.0,0.0,0.0,0.0,0.0,0.0,0.0,0.0,278.0,1.0,48.8
225,Billy Joe Tolliver,ATL,QB,25.0,7.0,2.0,40.0,82.0,531.0,2.0,9.0,6.0,0.0,0.0,0.0,3.0,0.0,531.0,4.0,82.0,6.0,0.0,9.0,0.0,0.0,27.839999999999996
226,Greg Baty,MIA,TE,27.0,16.0,8.0,0.0,0.0,0.0,0.0,0.0,0.0,20.0,269.0,13.45,1.0,0.0,0.0,0.0,0.0,0.0,0.0,0.0,269.0,1.0,50.9
227,Scott Galbraith,CLE,TE,24.0,16.0,13.0,0.0,0.0,0.0,0.0,0.0,0.0,27.0,328.0,12.15,0.0,0.0,0.0,0.0,0.0,0.0,0.0,0.0,328.0,0.0,59.8
228,Jonathan Hayes,KAN,TE,29.0,16.0,16.0,0.0,0.0,0.0,0.0,0.0,0.0,19.0,208.0,10.95,1.0,0.0,0.0,0.0,0.0,0.0,0.0,0.0,208.0,2.0,49.8
229,Frank Reich,BUF,QB,30.0,16.0,1.0,27.0,41.0,305.0,2.0,13.0,6.0,0.0,0.0,0.0,0.0,0.0,305.0,6.0,41.0,6.0,0.0,13.0,0.0,0.0,32.800000000000004
230,Ed West,GNB,TE,30.0,16.0,16.0,0.0,0.0,0.0,0.0,0.0,0.0,15.0,151.0,10.07,0.0,0.0,0.0,0.0,0.0,0.0,0.0,0.0,151.0,3.0,48.1
231,Michael Barber,CIN,WR,24.0,15.0,2.0,0.0,0.0,0.0,0.0,0.0,0.0,23.0,255.0,11.09,0.0,0.0,0.0,0.0,0.0,0.0,0.0,0.0,255.0,1.0,54.5
232,Chris Calloway,PIT,WR,23.0,12.0,0.0,0.0,0.0,0.0,0.0,0.0,0.0,15.0,254.0,16.93,0.0,0.0,0.0,0.0,0.0,0.0,0.0,0.0,254.0,1.0,46.4
233,Al Edwards,BUF,WR,24.0,16.0,5.0,0.0,0.0,0.0,0.0,1.0,17.0,22.0,228.0,10.36,2.0,0.0,0.0,0.0,0.0,17.0,0.0,1.0,228.0,1.0,48.5
234,Bruce Hill,TAM,WR,27.0,6.0,6.0,0.0,0.0,0.0,0.0,0.0,0.0,17.0,185.0,10.88,0.0,0.0,0.0,0.0,0.0,0.0,0.0,0.0,185.0,2.0,47.5
235,Jim Jensen,MIA,WR,33.0,16.0,0.0,1.0,1.0,17.0,0.0,0.0,0.0,21.0,183.0,8.71,0.0,0.0,17.0,0.0,1.0,0.0,0.0,0.0,183.0,2.0,51.980000000000004
236,Mike Tice,SEA,TE,32.0,16.0,15.0,0.0,0.0,0.0,0.0,0.0,0.0,10.0,70.0,7.0,0.0,0.0,0.0,0.0,0.0,0.0,0.0,0.0,70.0,4.0,41.0
237,Jamie Williams,SFO,TE,31.0,16.0,7.0,0.0,0.0,0.0,0.0,0.0,0.0,22.0,235.0,10.68,0.0,0.0,0.0,0.0,0.0,0.0,0.0,0.0,235.0,1.0,51.5
238,Marcus Dupree,RAM,RB,27.0,8.0,1.0,0.0,0.0,0.0,0.0,49.0,179.0,6.0,46.0,7.67,1.0,0.0,0.0,0.0,0.0,179.0,1.0,49.0,46.0,0.0,32.5
239,Ron Hall,TAM,TE,27.0,15.0,15.0,0.0,0.0,0.0,0.0,0.0,0.0,31.0,284.0,9.16,1.0,0.0,0.0,0.0,0.0,0.0,0.0,0.0,284.0,0.0,57.4
240,Wade Wilson,MIN,QB,32.0,5.0,5.0,72.0,122.0,825.0,10.0,13.0,33.0,0.0,0.0,0.0,3.0,0.0,825.0,3.0,122.0,33.0,0.0,13.0,0.0,0.0,22.3
241,Adrian Cooper,PIT,TE,23.0,16.0,8.0,0.0,0.0,0.0,0.0,0.0,0.0,11.0,147.0,13.36,0.0,0.0,0.0,0.0,0.0,0.0,0.0,0.0,147.0,2.0,37.7
242,Blair Kiel,GNB,QB,30.0,4.0,1.0,29.0,50.0,361.0,2.0,4.0,46.0,0.0,0.0,0.0,2.0,0.0,361.0,3.0,50.0,46.0,0.0,4.0,0.0,0.0,23.04
243,Travis McNeal,SEA,TE,24.0,16.0,4.0,0.0,0.0,0.0,0.0,0.0,0.0,17.0,208.0,12.24,1.0,0.0,0.0,0.0,0.0,0.0,0.0,0.0,208.0,1.0,41.8
244,Sam Graddy,RAI,WR,27.0,12.0,0.0,0.0,0.0,0.0,0.0,0.0,0.0,6.0,195.0,32.5,1.0,0.0,0.0,0.0,0.0,0.0,0.0,0.0,195.0,1.0,29.5
245,Ottis Anderson,NYG,RB,34.0,10.0,1.0,0.0,0.0,0.0,0.0,53.0,141.0,11.0,41.0,3.73,0.0,0.0,0.0,0.0,0.0,141.0,1.0,53.0,41.0,0.0,35.2
246,Wesley Carroll,NOR,WR,24.0,12.0,0.0,0.0,0.0,0.0,0.0,0.0,0.0,18.0,184.0,10.22,0.0,0.0,0.0,0.0,0.0,0.0,0.0,0.0,184.0,1.0,42.4
247,Ferrell Edmunds,MIA,TE,26.0,8.0,6.0,0.0,0.0,0.0,0.0,0.0,0.0,11.0,118.0,10.73,0.0,0.0,0.0,0.0,0.0,0.0,0.0,0.0,118.0,2.0,34.8
248,Thomas Sanders,PHI,RB,29.0,5.0,3.0,0.0,0.0,0.0,0.0,54.0,122.0,8.0,62.0,7.75,2.0,0.0,0.0,0.0,0.0,122.0,1.0,54.0,62.0,0.0,28.4
249,Andrew Glover,RAI,TE,24.0,16.0,1.0,0.0,0.0,0.0,0.0,0.0,0.0,5.0,45.0,9.0,0.0,0.0,0.0,0.0,0.0,0.0,0.0,0.0,45.0,3.0,27.5
250,Pete Holohan,KAN,TE,32.0,16.0,3.0,0.0,0.0,0.0,0.0,0.0,0.0,13.0,113.0,8.69,0.0,0.0,0.0,0.0,0.0,0.0,0.0,0.0,113.0,2.0,36.3
251,Todd Marinovich,RAI,QB,22.0,1.0,1.0,23.0,40.0,243.0,0.0,3.0,14.0,0.0,0.0,0.0,0.0,0.0,243.0,3.0,40.0,14.0,0.0,3.0,0.0,0.0,23.119999999999997
252,Buford McGee,RAM,RB,31.0,16.0,4.0,0.0,0.0,0.0,0.0,19.0,65.0,20.0,160.0,8.0,1.0,0.0,0.0,0.0,0.0,65.0,0.0,19.0,160.0,0.0,40.5
253,John Tice,NOR,TE,31.0,15.0,7.0,0.0,0.0,0.0,0.0,0.0,0.0,22.0,230.0,10.45,1.0,0.0,0.0,0.0,0.0,0.0,0.0,0.0,230.0,0.0,43.0
254,Larry Centers,PHO,RB,23.0,9.0,2.0,0.0,0.0,0.0,0.0,14.0,44.0,19.0,176.0,9.26,4.0,0.0,0.0,0.0,0.0,44.0,0.0,14.0,176.0,0.0,33.0
255,Aaron Cox,RAM,WR,26.0,15.0,5.0,0.0,0.0,0.0,0.0,0.0,0.0,15.0,216.0,14.4,1.0,0.0,0.0,0.0,0.0,0.0,0.0,0.0,216.0,0.0,34.6
256,Bob Perryman,DEN,RB,27.0,15.0,7.0,0.0,0.0,0.0,0.0,21.0,45.0,17.0,171.0,10.06,1.0,0.0,0.0,0.0,0.0,45.0,0.0,21.0,171.0,0.0,36.6
257,Kitrick Taylor,SDG,WR,27.0,12.0,0.0,0.0,0.0,0.0,0.0,0.0,0.0,24.0,218.0,9.08,2.0,0.0,0.0,0.0,0.0,0.0,0.0,0.0,218.0,0.0,41.8
258,Floyd Dixon,ATL,WR,27.0,10.0,3.0,0.0,0.0,0.0,0.0,0.0,0.0,12.0,146.0,12.17,0.0,0.0,0.0,0.0,0.0,0.0,0.0,0.0,146.0,1.0,32.6
259,Stan Gelbaugh,PHO,QB,29.0,6.0,3.0,61.0,118.0,674.0,10.0,9.0,23.0,0.0,0.0,0.0,4.0,0.0,674.0,3.0,118.0,23.0,0.0,9.0,0.0,0.0,13.260000000000002
260,Dennis Gentry,CHI,WR,32.0,15.0,0.0,0.0,0.0,0.0,0.0,9.0,58.0,16.0,149.0,9.31,1.0,0.0,0.0,0.0,0.0,58.0,0.0,9.0,149.0,0.0,34.699999999999996
261,Shawn Jefferson,SDG,WR,22.0,16.0,3.0,0.0,0.0,0.0,0.0,1.0,27.0,12.0,125.0,10.42,0.0,0.0,0.0,0.0,0.0,27.0,0.0,1.0,125.0,1.0,33.2
262,Tim Manoa,IND,RB,27.0,9.0,5.0,0.0,0.0,0.0,0.0,27.0,144.0,2.0,5.0,2.5,1.0,0.0,0.0,0.0,0.0,144.0,1.0,27.0,5.0,0.0,20.9
263,Mark Vlasic,KAN,QB,28.0,6.0,1.0,28.0,44.0,316.0,0.0,1.0,-1.0,0.0,0.0,0.0,1.0,0.0,316.0,2.0,44.0,-1.0,0.0,1.0,0.0,0.0,18.54
264,Pat Coleman,HOU,WR,24.0,14.0,0.0,0.0,0.0,0.0,0.0,0.0,0.0,11.0,138.0,12.55,3.0,0.0,0.0,0.0,0.0,0.0,0.0,0.0,138.0,1.0,24.8
265,Alfredo Roberts,DAL,WR,26.0,16.0,10.0,0.0,0.0,0.0,0.0,0.0,0.0,16.0,136.0,8.5,0.0,0.0,0.0,0.0,0.0,0.0,0.0,0.0,136.0,1.0,35.6
266,Jesse Anderson,TAM,TE,25.0,15.0,2.0,0.0,0.0,0.0,0.0,0.0,0.0,6.0,73.0,12.17,0.0,0.0,0.0,0.0,0.0,0.0,0.0,0.0,73.0,2.0,25.3
267,Pat Carter,RAM,TE,25.0,16.0,5.0,0.0,0.0,0.0,0.0,0.0,0.0,8.0,69.0,8.63,1.0,0.0,0.0,0.0,0.0,0.0,0.0,0.0,69.0,2.0,24.9
268,Pat Chaffey,ATL,RB,24.0,14.0,2.0,0.0,0.0,0.0,0.0,29.0,127.0,0.0,0.0,0.0,1.0,0.0,0.0,0.0,0.0,127.0,1.0,29.0,0.0,0.0,16.7
269,Aaron Craver,MIA,RB,23.0,14.0,0.0,0.0,0.0,0.0,0.0,20.0,58.0,8.0,67.0,8.38,2.0,0.0,0.0,0.0,0.0,58.0,1.0,20.0,67.0,0.0,22.5
270,Maurice Johnson,PHI,TE,24.0,12.0,6.0,0.0,0.0,0.0,0.0,0.0,0.0,6.0,70.0,11.67,0.0,0.0,0.0,0.0,0.0,0.0,0.0,0.0,70.0,2.0,25.0
271,Alfred Anderson,MIN,RB,30.0,16.0,5.0,0.0,0.0,0.0,0.0,26.0,118.0,1.0,2.0,2.0,0.0,0.0,0.0,0.0,0.0,118.0,1.0,26.0,2.0,0.0,19.0
272,Fred Banks,MIA,WR,29.0,7.0,0.0,0.0,0.0,0.0,0.0,0.0,0.0,9.0,119.0,13.22,0.0,0.0,0.0,0.0,0.0,0.0,0.0,0.0,119.0,1.0,26.9
273,Hoby Brenner,NOR,TE,32.0,16.0,16.0,0.0,0.0,0.0,0.0,0.0,0.0,16.0,179.0,11.19,0.0,0.0,0.0,0.0,0.0,0.0,0.0,0.0,179.0,0.0,33.9
274,Keith Jones,ATL,RB,25.0,5.0,3.0,0.0,0.0,0.0,0.0,35.0,126.0,6.0,58.0,9.67,0.0,0.0,0.0,0.0,0.0,126.0,0.0,35.0,58.0,0.0,24.4
275,Reggie Rembert,CIN,WR,25.0,16.0,0.0,0.0,0.0,0.0,0.0,0.0,0.0,9.0,117.0,13.0,0.0,0.0,0.0,0.0,0.0,0.0,0.0,0.0,117.0,1.0,26.7
276,Leroy Thompson,PIT,RB,22.0,13.0,0.0,0.0,0.0,0.0,0.0,20.0,60.0,14.0,118.0,8.43,1.0,0.0,0.0,0.0,0.0,60.0,0.0,20.0,118.0,0.0,29.8
277,Mike Dingle,CIN,RB,22.0,8.0,0.0,0.0,0.0,0.0,0.0,21.0,91.0,5.0,23.0,4.6,0.0,0.0,0.0,0.0,0.0,91.0,0.0,21.0,23.0,1.0,22.4
278,Napoleon McCallum,RAI,RB,28.0,16.0,0.0,0.0,0.0,0.0,0.0,31.0,110.0,0.0,0.0,0.0,1.0,0.0,0.0,0.0,0.0,110.0,1.0,31.0,0.0,0.0,15.0
279,Pete Metzelaars,BUF,TE,31.0,16.0,1.0,0.0,0.0,0.0,0.0,0.0,0.0,5.0,54.0,10.8,0.0,0.0,0.0,0.0,0.0,0.0,0.0,0.0,54.0,2.0,22.4
280,James Rouse,CHI,RB,25.0,14.0,4.0,0.0,0.0,0.0,0.0,27.0,74.0,15.0,93.0,6.2,1.0,0.0,0.0,0.0,0.0,74.0,0.0,27.0,93.0,0.0,29.700000000000003
281,Alexander Wright,DAL,WR,24.0,16.0,5.0,0.0,0.0,0.0,0.0,2.0,-1.0,10.0,170.0,17.0,0.0,0.0,0.0,0.0,0.0,-1.0,0.0,2.0,170.0,0.0,26.9
282,Lynn James,2TM,WR,26.0,14.0,1.0,0.0,0.0,0.0,0.0,0.0,0.0,7.0,103.0,14.71,1.0,0.0,0.0,0.0,0.0,0.0,0.0,0.0,103.0,1.0,21.3
283,Bill Jones,KAN,RB,25.0,15.0,14.0,0.0,0.0,0.0,0.0,0.0,0.0,14.0,97.0,6.93,0.0,0.0,0.0,0.0,0.0,0.0,0.0,0.0,97.0,1.0,29.7
284,Ricky Blake,DAL,RB,24.0,2.0,0.0,0.0,0.0,0.0,0.0,15.0,80.0,1.0,5.0,5.0,0.0,0.0,0.0,0.0,0.0,80.0,1.0,15.0,5.0,0.0,15.5
285,Mark Boyer,NYJ,TE,29.0,11.0,10.0,0.0,0.0,0.0,0.0,0.0,0.0,16.0,153.0,9.56,0.0,0.0,0.0,0.0,0.0,0.0,0.0,0.0,153.0,0.0,31.3
286,Gary Brown,HOU,RB,22.0,11.0,0.0,0.0,0.0,0.0,0.0,8.0,85.0,2.0,1.0,0.5,0.0,0.0,0.0,0.0,0.0,85.0,1.0,8.0,1.0,0.0,16.6
287,Maurice Carthon,NYG,RB,30.0,16.0,8.0,0.0,0.0,0.0,0.0,32.0,109.0,7.0,39.0,5.57,1.0,0.0,0.0,0.0,0.0,109.0,0.0,32.0,39.0,0.0,19.8
288,Keith Cash,PIT,TE,22.0,5.0,2.0,0.0,0.0,0.0,0.0,0.0,0.0,7.0,90.0,12.86,0.0,0.0,0.0,0.0,0.0,0.0,0.0,0.0,90.0,1.0,22.0
289,Ben Coates,NWE,TE,22.0,16.0,2.0,0.0,0.0,0.0,0.0,1.0,-6.0,10.0,95.0,9.5,0.0,0.0,0.0,0.0,0.0,-6.0,0.0,1.0,95.0,1.0,24.9
290,Robert Drummond,PHI,RB,24.0,16.0,0.0,0.0,0.0,0.0,0.0,12.0,27.0,0.0,0.0,0.0,1.0,0.0,0.0,0.0,0.0,27.0,2.0,12.0,0.0,0.0,12.7
291,Donald Hollas,CIN,QB,24.0,8.0,1.0,32.0,55.0,310.0,4.0,12.0,66.0,0.0,0.0,0.0,3.0,0.0,310.0,1.0,55.0,66.0,0.0,12.0,0.0,0.0,8.999999999999998
292,Ivy Joe Hunter,NWE,RB,25.0,13.0,11.0,0.0,0.0,0.0,0.0,18.0,53.0,11.0,97.0,8.82,0.0,0.0,0.0,0.0,0.0,53.0,0.0,18.0,97.0,0.0,26.0
293,Ed McCaffrey,NYG,WR,23.0,16.0,0.0,0.0,0.0,0.0,0.0,0.0,0.0,16.0,146.0,9.13,0.0,0.0,0.0,0.0,0.0,0.0,0.0,0.0,146.0,0.0,30.6
294,Ron Morris,CHI,WR,27.0,3.0,1.0,0.0,0.0,0.0,0.0,0.0,0.0,8.0,147.0,18.38,0.0,0.0,0.0,0.0,0.0,0.0,0.0,0.0,147.0,0.0,22.7
295,Scott Secules,MIA,QB,27.0,14.0,0.0,8.0,13.0,90.0,1.0,4.0,30.0,0.0,0.0,0.0,0.0,0.0,90.0,1.0,13.0,30.0,1.0,4.0,0.0,0.0,14.6
296,Vernon Turner,RAM,WR,24.0,15.0,0.0,0.0,0.0,0.0,0.0,7.0,44.0,3.0,41.0,13.67,4.0,0.0,0.0,0.0,0.0,44.0,0.0,7.0,41.0,1.0,9.5
297,Clarence Weathers,GNB,WR,29.0,14.0,0.0,0.0,0.0,0.0,0.0,0.0,0.0,12.0,150.0,12.5,1.0,0.0,0.0,0.0,0.0,0.0,0.0,0.0,150.0,0.0,25.0
298,Eric Kattus,CIN,TE,28.0,16.0,2.0,0.0,0.0,0.0,0.0,0.0,0.0,12.0,136.0,11.33,0.0,0.0,0.0,0.0,0.0,0.0,0.0,0.0,136.0,0.0,25.6
299,Clarence Kay,DEN,TE,30.0,16.0,16.0,0.0,0.0,0.0,0.0,0.0,0.0,11.0,139.0,12.64,0.0,0.0,0.0,0.0,0.0,0.0,0.0,0.0,139.0,0.0,24.9
300,Ernie Mills,PIT,WR,23.0,16.0,2.0,0.0,0.0,0.0,0.0,0.0,0.0,3.0,79.0,26.33,0.0,0.0,0.0,0.0,0.0,0.0,0.0,0.0,79.0,1.0,16.9
301,Herman Moore,DET,WR,22.0,13.0,1.0,0.0,0.0,0.0,0.0,0.0,0.0,11.0,135.0,12.27,0.0,0.0,0.0,0.0,0.0,0.0,0.0,0.0,135.0,0.0,24.5
302,Zeke Mowatt,NYG,TE,30.0,16.0,8.0,0.0,0.0,0.0,0.0,0.0,0.0,5.0,78.0,15.6,0.0,0.0,0.0,0.0,0.0,0.0,0.0,0.0,78.0,1.0,18.8
303,Mike Pagel,RAM,QB,31.0,16.0,0.0,11.0,27.0,150.0,0.0,0.0,0.0,0.0,0.0,0.0,0.0,0.0,150.0,2.0,27.0,0.0,0.0,0.0,0.0,0.0,14.0
304,Jimmie Johnson,WAS,TE,25.0,6.0,0.0,0.0,0.0,0.0,0.0,0.0,0.0,3.0,7.0,2.33,0.0,0.0,0.0,0.0,0.0,0.0,0.0,0.0,7.0,2.0,15.7
305,Reggie Johnson,DEN,TE,23.0,16.0,3.0,0.0,0.0,0.0,0.0,0.0,0.0,6.0,73.0,12.17,0.0,0.0,0.0,0.0,0.0,0.0,0.0,0.0,73.0,1.0,19.3
306,Mike Jones,MIN,TE,25.0,16.0,0.0,0.0,0.0,0.0,0.0,0.0,0.0,2.0,8.0,4.0,0.0,0.0,0.0,0.0,0.0,0.0,0.0,0.0,8.0,2.0,14.8
307,Tim Jorden,PHO,TE,25.0,16.0,9.0,0.0,0.0,0.0,0.0,0.0,0.0,15.0,127.0,8.47,0.0,0.0,0.0,0.0,0.0,0.0,0.0,0.0,127.0,0.0,27.7
308,Butch Rolle,BUF,TE,27.0,16.0,0.0,0.0,0.0,0.0,0.0,0.0,0.0,3.0,10.0,3.33,0.0,0.0,0.0,0.0,0.0,0.0,0.0,0.0,10.0,2.0,16.0
309,Derrick Walker,SDG,TE,24.0,16.0,16.0,0.0,0.0,0.0,0.0,0.0,0.0,20.0,134.0,6.7,0.0,0.0,0.0,0.0,0.0,0.0,0.0,0.0,134.0,0.0,33.4
310,Tommie Agee,DAL,RB,27.0,16.0,0.0,0.0,0.0,0.0,0.0,9.0,20.0,7.0,43.0,6.14,0.0,0.0,0.0,0.0,0.0,20.0,1.0,9.0,43.0,0.0,19.3
311,Chris Dressel,NYJ,TE,30.0,15.0,6.0,0.0,0.0,0.0,0.0,0.0,0.0,17.0,122.0,7.18,0.0,0.0,0.0,0.0,0.0,0.0,0.0,0.0,122.0,0.0,29.2
312,Tim Worley,PIT,RB,25.0,2.0,0.0,0.0,0.0,0.0,0.0,22.0,117.0,0.0,0.0,0.0,1.0,0.0,0.0,0.0,0.0,117.0,0.0,22.0,0.0,0.0,9.7
313,Jeff Carlson,TAM,QB,25.0,3.0,1.0,31.0,65.0,404.0,6.0,5.0,25.0,0.0,0.0,0.0,2.0,0.0,404.0,1.0,65.0,25.0,0.0,5.0,0.0,0.0,6.66
314,Rick Fenney,MIN,RB,27.0,11.0,0.0,0.0,0.0,0.0,0.0,23.0,99.0,2.0,11.0,5.5,0.0,0.0,0.0,0.0,0.0,99.0,0.0,23.0,11.0,0.0,13.0
315,John Jackson,PHO,WR,24.0,16.0,3.0,0.0,0.0,0.0,0.0,0.0,0.0,8.0,108.0,13.5,3.0,0.0,0.0,0.0,0.0,0.0,0.0,0.0,108.0,0.0,12.8
316,Keith Jennings,CHI,TE,25.0,10.0,3.0,0.0,0.0,0.0,0.0,0.0,0.0,8.0,109.0,13.63,0.0,0.0,0.0,0.0,0.0,0.0,0.0,0.0,109.0,0.0,18.9
317,Stephone Paige,KAN,WR,30.0,3.0,2.0,0.0,0.0,0.0,0.0,0.0,0.0,9.0,111.0,12.33,0.0,0.0,0.0,0.0,0.0,0.0,0.0,0.0,111.0,0.0,20.1
318,Allen Rice,GNB,RB,29.0,6.0,3.0,0.0,0.0,0.0,0.0,30.0,100.0,2.0,10.0,5.0,2.0,0.0,0.0,0.0,0.0,100.0,0.0,30.0,10.0,0.0,9.0
319,Eric Ball,CIN,RB,25.0,6.0,4.0,0.0,0.0,0.0,0.0,10.0,21.0,3.0,17.0,5.67,1.0,0.0,0.0,0.0,0.0,21.0,1.0,10.0,17.0,0.0,10.8
320,Leonard Harris,HOU,WR,31.0,9.0,0.0,0.0,0.0,0.0,0.0,0.0,0.0,8.0,101.0,12.63,0.0,0.0,0.0,0.0,0.0,0.0,0.0,0.0,101.0,0.0,18.1
321,Tom Hodson,NWE,QB,24.0,16.0,3.0,36.0,68.0,345.0,4.0,4.0,0.0,0.0,0.0,0.0,2.0,0.0,345.0,1.0,68.0,0.0,0.0,4.0,0.0,0.0,5.800000000000001
322,Don Overton,DET,RB,24.0,14.0,0.0,0.0,0.0,0.0,0.0,14.0,59.0,4.0,38.0,9.5,1.0,0.0,0.0,0.0,0.0,59.0,0.0,14.0,38.0,0.0,11.7
323,Jeff Rutledge,WAS,QB,34.0,16.0,0.0,11.0,22.0,189.0,0.0,8.0,-13.0,0.0,0.0,0.0,0.0,0.0,189.0,1.0,22.0,-13.0,0.0,8.0,0.0,0.0,10.259999999999998
324,Paul Skansi,SEA,WR,30.0,5.0,0.0,0.0,0.0,0.0,0.0,0.0,0.0,9.0,96.0,10.67,1.0,0.0,0.0,0.0,0.0,0.0,0.0,0.0,96.0,0.0,16.6
325,Troy Stradford,KAN,RB,27.0,10.0,0.0,0.0,0.0,0.0,0.0,1.0,7.0,9.0,91.0,10.11,0.0,0.0,0.0,0.0,0.0,7.0,0.0,1.0,91.0,0.0,18.8
326,Steve Tasker,BUF,WR,29.0,16.0,0.0,0.0,0.0,0.0,0.0,0.0,0.0,2.0,39.0,19.5,0.0,0.0,0.0,0.0,0.0,0.0,0.0,0.0,39.0,1.0,11.9
327,Ernie Thompson,RAM,RB,22.0,4.0,0.0,0.0,0.0,0.0,0.0,2.0,9.0,2.0,35.0,17.5,0.0,0.0,0.0,0.0,0.0,9.0,0.0,2.0,35.0,1.0,12.4
328,Terrence Flagler,PHO,RB,27.0,7.0,0.0,0.0,0.0,0.0,0.0,1.0,7.0,8.0,85.0,10.63,0.0,0.0,0.0,0.0,0.0,7.0,0.0,1.0,85.0,0.0,17.2
329,Fred Jones,KAN,WR,24.0,11.0,0.0,0.0,0.0,0.0,0.0,0.0,0.0,8.0,85.0,10.63,3.0,0.0,0.0,0.0,0.0,0.0,0.0,0.0,85.0,0.0,10.5
330,Bob Mrosko,IND,TE,26.0,11.0,4.0,0.0,0.0,0.0,0.0,0.0,0.0,8.0,90.0,11.25,0.0,0.0,0.0,0.0,0.0,0.0,0.0,0.0,90.0,0.0,17.0
331,Jeff Query,GNB,WR,24.0,16.0,0.0,0.0,0.0,0.0,0.0,0.0,0.0,7.0,94.0,13.43,1.0,0.0,0.0,0.0,0.0,0.0,0.0,0.0,94.0,0.0,14.399999999999999
332,Mickey Shuler,PHI,TE,35.0,4.0,0.0,0.0,0.0,0.0,0.0,0.0,0.0,6.0,91.0,15.17,0.0,0.0,0.0,0.0,0.0,0.0,0.0,0.0,91.0,0.0,15.1
333,Peter Tom Willis,CHI,QB,24.0,4.0,0.0,11.0,18.0,171.0,1.0,2.0,6.0,0.0,0.0,0.0,0.0,0.0,171.0,1.0,18.0,6.0,0.0,2.0,0.0,0.0,9.44
334,Cody Carlson,HOU,QB,28.0,3.0,0.0,7.0,12.0,114.0,0.0,4.0,-3.0,0.0,0.0,0.0,1.0,0.0,114.0,1.0,12.0,-3.0,0.0,4.0,0.0,0.0,6.259999999999998
335,Sammy Martin,2TM,WR,26.0,12.0,0.0,0.0,0.0,0.0,0.0,0.0,0.0,5.0,79.0,15.8,1.0,0.0,0.0,0.0,0.0,0.0,0.0,0.0,79.0,0.0,10.9
336,Gary Wilkins,ATL,TE,28.0,5.0,3.0,0.0,0.0,0.0,0.0,0.0,0.0,3.0,22.0,7.33,0.0,0.0,0.0,0.0,0.0,0.0,0.0,0.0,22.0,1.0,11.2
337,Erik Affholter,GNB,WR,25.0,4.0,0.0,0.0,0.0,0.0,0.0,0.0,0.0,7.0,68.0,9.71,0.0,0.0,0.0,0.0,0.0,0.0,0.0,0.0,68.0,0.0,13.8
338,Vince Evans,RAI,QB,36.0,4.0,0.0,6.0,14.0,127.0,2.0,8.0,20.0,0.0,0.0,0.0,0.0,0.0,127.0,1.0,14.0,20.0,0.0,8.0,0.0,0.0,7.08
339,Derek Loville,SEA,RB,23.0,16.0,0.0,0.0,0.0,0.0,0.0,22.0,69.0,0.0,0.0,0.0,0.0,0.0,0.0,0.0,0.0,69.0,0.0,22.0,0.0,0.0,6.9
340,Mike Mularkey,PIT,TE,30.0,9.0,6.0,0.0,0.0,0.0,0.0,0.0,0.0,6.0,67.0,11.17,0.0,0.0,0.0,0.0,0.0,0.0,0.0,0.0,67.0,0.0,12.7
341,Jason Phillips,ATL,WR,25.0,11.0,0.0,0.0,0.0,0.0,0.0,0.0,0.0,6.0,73.0,12.17,0.0,0.0,0.0,0.0,0.0,0.0,0.0,0.0,73.0,0.0,13.3
342,James Saxon,KAN,RB,25.0,16.0,0.0,0.0,0.0,0.0,0.0,6.0,13.0,6.0,55.0,9.17,1.0,0.0,0.0,0.0,0.0,13.0,0.0,6.0,55.0,0.0,10.8
343,Troy Taylor,NYJ,QB,23.0,5.0,0.0,5.0,10.0,76.0,1.0,7.0,23.0,0.0,0.0,0.0,0.0,0.0,76.0,1.0,10.0,23.0,0.0,7.0,0.0,0.0,7.34
344,Marvin Allen,NWE,RB,26.0,15.0,0.0,0.0,0.0,0.0,0.0,13.0,50.0,1.0,9.0,9.0,0.0,0.0,0.0,0.0,0.0,50.0,0.0,13.0,9.0,0.0,6.9
345,Robert Awalt,DAL,TE,27.0,12.0,2.0,0.0,0.0,0.0,0.0,0.0,0.0,5.0,57.0,11.4,1.0,0.0,0.0,0.0,0.0,0.0,0.0,0.0,57.0,0.0,8.7
346,Pat Beach,IND,TE,32.0,12.0,10.0,0.0,0.0,0.0,0.0,0.0,0.0,5.0,56.0,11.2,0.0,0.0,0.0,0.0,0.0,0.0,0.0,0.0,56.0,0.0,10.6
347,A.B. Brown,NYJ,RB,26.0,9.0,0.0,0.0,0.0,0.0,0.0,3.0,4.0,0.0,0.0,0.0,2.0,0.0,0.0,0.0,0.0,4.0,1.0,3.0,0.0,0.0,2.4000000000000004
348,Ron Brown,RAM,WR,30.0,6.0,0.0,0.0,0.0,0.0,0.0,2.0,11.0,3.0,52.0,17.33,0.0,0.0,0.0,0.0,0.0,11.0,0.0,2.0,52.0,0.0,9.299999999999999
349,Ed Thomas,TAM,TE,25.0,6.0,0.0,0.0,0.0,0.0,0.0,0.0,0.0,4.0,55.0,13.75,0.0,0.0,0.0,0.0,0.0,0.0,0.0,0.0,55.0,0.0,9.5
350,Erik Wilhelm,CIN,QB,26.0,4.0,1.0,24.0,42.0,217.0,2.0,1.0,9.0,0.0,0.0,0.0,1.0,0.0,217.0,0.0,42.0,9.0,0.0,1.0,0.0,0.0,3.58
351,Terry Anthony,TAM,WR,23.0,9.0,0.0,0.0,0.0,0.0,0.0,0.0,0.0,4.0,51.0,12.75,0.0,0.0,0.0,0.0,0.0,0.0,0.0,0.0,51.0,0.0,9.1
352,Jeff Campbell,DET,WR,23.0,14.0,1.0,0.0,0.0,0.0,0.0,0.0,0.0,2.0,49.0,24.5,1.0,0.0,0.0,0.0,0.0,0.0,0.0,0.0,49.0,0.0,4.9
353,Rob Carpenter,NWE,WR,23.0,9.0,1.0,0.0,0.0,0.0,0.0,0.0,0.0,3.0,45.0,15.0,0.0,0.0,0.0,0.0,0.0,0.0,0.0,0.0,45.0,0.0,7.5
354,Arthur Cox,3TM,TE,30.0,13.0,8.0,0.0,0.0,0.0,0.0,0.0,0.0,5.0,53.0,10.6,0.0,0.0,0.0,0.0,0.0,0.0,0.0,0.0,53.0,0.0,10.3
355,D.J. Dozier,DET,RB,26.0,6.0,0.0,0.0,0.0,0.0,0.0,9.0,48.0,1.0,3.0,3.0,0.0,0.0,0.0,0.0,0.0,48.0,0.0,9.0,3.0,0.0,6.1
356,Cedric Jackson,DET,RB,23.0,8.0,1.0,0.0,0.0,0.0,0.0,17.0,55.0,1.0,-2.0,-2.0,1.0,0.0,0.0,0.0,0.0,55.0,0.0,17.0,-2.0,0.0,4.3
357,Kenny Jackson,PHI,WR,29.0,16.0,2.0,0.0,0.0,0.0,0.0,1.0,18.0,4.0,29.0,7.25,0.0,0.0,0.0,0.0,0.0,18.0,0.0,1.0,29.0,0.0,8.700000000000001
358,Tracy Johnson,ATL,RB,25.0,16.0,5.0,0.0,0.0,0.0,0.0,8.0,26.0,3.0,27.0,9.0,0.0,0.0,0.0,0.0,0.0,26.0,0.0,8.0,27.0,0.0,8.3
359,Scott Miller,MIA,WR,23.0,16.0,0.0,0.0,0.0,0.0,0.0,0.0,0.0,4.0,49.0,12.25,4.0,0.0,0.0,0.0,0.0,0.0,0.0,0.0,49.0,0.0,0.9000000000000004
360,Bill Musgrave,SFO,QB,24.0,1.0,0.0,4.0,5.0,33.0,0.0,0.0,0.0,0.0,0.0,0.0,0.0,0.0,33.0,1.0,5.0,0.0,0.0,0.0,0.0,0.0,5.32
361,Walter Reeves,PHO,TE,26.0,15.0,13.0,0.0,0.0,0.0,0.0,0.0,0.0,8.0,45.0,5.63,1.0,0.0,0.0,0.0,0.0,0.0,0.0,0.0,45.0,0.0,10.5
362,Don Warren,WAS,TE,35.0,10.0,7.0,0.0,0.0,0.0,0.0,0.0,0.0,5.0,51.0,10.2,0.0,0.0,0.0,0.0,0.0,0.0,0.0,0.0,51.0,0.0,10.1
363,Sanjay Beach,SFO,WR,25.0,16.0,0.0,0.0,0.0,0.0,0.0,0.0,0.0,4.0,43.0,10.75,1.0,0.0,0.0,0.0,0.0,0.0,0.0,0.0,43.0,0.0,6.300000000000001
364,Albert Bentley,IND,RB,31.0,1.0,0.0,0.0,0.0,0.0,0.0,0.0,0.0,7.0,42.0,6.0,0.0,0.0,0.0,0.0,0.0,0.0,0.0,0.0,42.0,0.0,11.2
365,Cap Boso,CHI,TE,28.0,6.0,1.0,0.0,0.0,0.0,0.0,0.0,0.0,3.0,36.0,12.0,0.0,0.0,0.0,0.0,0.0,0.0,0.0,0.0,36.0,0.0,6.6
366,Shawn Collins,ATL,WR,24.0,4.0,1.0,0.0,0.0,0.0,0.0,0.0,0.0,3.0,37.0,12.33,0.0,0.0,0.0,0.0,0.0,0.0,0.0,0.0,37.0,0.0,6.7
367,David Daniels,SEA,WR,22.0,16.0,0.0,0.0,0.0,0.0,0.0,0.0,0.0,4.0,38.0,9.5,1.0,0.0,0.0,0.0,0.0,0.0,0.0,0.0,38.0,0.0,5.8
368,Dale Dawkins,NYJ,WR,25.0,15.0,0.0,0.0,0.0,0.0,0.0,0.0,0.0,3.0,38.0,12.67,0.0,0.0,0.0,0.0,0.0,0.0,0.0,0.0,38.0,0.0,6.8
369,Darren Lewis,CHI,RB,23.0,15.0,0.0,0.0,0.0,0.0,0.0,15.0,36.0,0.0,0.0,0.0,0.0,0.0,0.0,0.0,0.0,36.0,0.0,15.0,0.0,0.0,3.6
370,Leo Lewis,MIN,WR,35.0,16.0,0.0,0.0,0.0,0.0,0.0,0.0,0.0,4.0,36.0,9.0,3.0,0.0,0.0,0.0,0.0,0.0,0.0,0.0,36.0,0.0,1.5999999999999996
371,Chris Samuels,SDG,RB,22.0,3.0,0.0,0.0,0.0,0.0,0.0,2.0,10.0,2.0,33.0,16.5,0.0,0.0,0.0,0.0,0.0,10.0,0.0,2.0,33.0,0.0,6.3
372,Derek Tennell,DET,TE,27.0,15.0,2.0,0.0,0.0,0.0,0.0,0.0,0.0,4.0,43.0,10.75,0.0,0.0,0.0,0.0,0.0,0.0,0.0,0.0,43.0,0.0,8.3
373,Reggie Thornton,IND,WR,24.0,5.0,0.0,0.0,0.0,0.0,0.0,0.0,0.0,1.0,38.0,38.0,0.0,0.0,0.0,0.0,0.0,0.0,0.0,0.0,38.0,0.0,4.8
374,Spencer Tillman,SFO,RB,27.0,16.0,0.0,0.0,0.0,0.0,0.0,13.0,40.0,2.0,3.0,1.5,2.0,0.0,0.0,0.0,0.0,40.0,0.0,13.0,3.0,0.0,2.3
375,Kimble Anders,KAN,RB,25.0,2.0,0.0,0.0,0.0,0.0,0.0,0.0,0.0,2.0,30.0,15.0,0.0,0.0,0.0,0.0,0.0,0.0,0.0,0.0,30.0,0.0,5.0
376,Bob Gagliano,SDG,QB,33.0,2.0,0.0,9.0,23.0,76.0,1.0,3.0,19.0,0.0,0.0,0.0,2.0,0.0,76.0,0.0,23.0,19.0,0.0,3.0,0.0,0.0,-1.06
377,Shane Garrett,CIN,WR,24.0,4.0,0.0,0.0,0.0,0.0,0.0,0.0,0.0,3.0,32.0,10.67,1.0,0.0,0.0,0.0,0.0,0.0,0.0,0.0,32.0,0.0,4.2
378,Bobby Humphrey,DEN,RB,25.0,4.0,0.0,0.0,0.0,0.0,0.0,11.0,33.0,0.0,0.0,0.0,0.0,0.0,0.0,0.0,0.0,33.0,0.0,11.0,0.0,0.0,3.3
379,Ron Middleton,WAS,TE,26.0,12.0,12.0,0.0,0.0,0.0,0.0,0.0,0.0,3.0,25.0,8.33,0.0,0.0,0.0,0.0,0.0,0.0,0.0,0.0,25.0,0.0,5.5
380,Pat Newman,NOR,WR,23.0,7.0,0.0,0.0,0.0,0.0,0.0,0.0,0.0,3.0,33.0,11.0,0.0,0.0,0.0,0.0,0.0,0.0,0.0,0.0,33.0,0.0,6.3
381,Brent Novoselsky,MIN,TE,25.0,16.0,0.0,0.0,0.0,0.0,0.0,0.0,0.0,4.0,27.0,6.75,0.0,0.0,0.0,0.0,0.0,0.0,0.0,0.0,27.0,0.0,6.7
382,James Pruitt,MIA,WR,27.0,5.0,0.0,0.0,0.0,0.0,0.0,0.0,0.0,2.0,30.0,15.0,0.0,0.0,0.0,0.0,0.0,0.0,0.0,0.0,30.0,0.0,5.0
383,Doug Thomas,SEA,WR,22.0,11.0,0.0,0.0,0.0,0.0,0.0,0.0,0.0,3.0,27.0,9.0,0.0,0.0,0.0,0.0,0.0,0.0,0.0,0.0,27.0,0.0,5.7
384,Ken Whisenhunt,NYJ,TE,29.0,7.0,2.0,0.0,0.0,0.0,0.0,0.0,0.0,4.0,34.0,8.5,0.0,0.0,0.0,0.0,0.0,0.0,0.0,0.0,34.0,0.0,7.4
385,Eric Bieniemy,SDG,RB,22.0,15.0,0.0,0.0,0.0,0.0,0.0,3.0,17.0,0.0,0.0,0.0,0.0,0.0,0.0,0.0,0.0,17.0,0.0,3.0,0.0,0.0,1.7
386,Kerry Cash,IND,TE,22.0,4.0,2.0,0.0,0.0,0.0,0.0,0.0,0.0,1.0,18.0,18.0,0.0,0.0,0.0,0.0,0.0,0.0,0.0,0.0,18.0,0.0,2.8
387,Jeff Graham,PIT,WR,22.0,13.0,1.0,0.0,0.0,0.0,0.0,0.0,0.0,2.0,21.0,10.5,0.0,0.0,0.0,0.0,0.0,0.0,0.0,0.0,21.0,0.0,4.1
388,Charles Henry,MIA,TE,27.0,6.0,2.0,0.0,0.0,0.0,0.0,0.0,0.0,2.0,17.0,8.5,0.0,0.0,0.0,0.0,0.0,0.0,0.0,0.0,17.0,0.0,3.7
389,Alonzo Highsmith,2TM,RB,26.0,13.0,0.0,0.0,0.0,0.0,0.0,5.0,21.0,0.0,0.0,0.0,0.0,0.0,0.0,0.0,0.0,21.0,0.0,5.0,0.0,0.0,2.1
390,Stephen Hobbs,WAS,WR,26.0,16.0,0.0,0.0,0.0,0.0,0.0,0.0,0.0,3.0,24.0,8.0,0.0,0.0,0.0,0.0,0.0,0.0,0.0,0.0,24.0,0.0,5.4
391,Glen Kozlowski,CHI,WR,29.0,16.0,0.0,0.0,0.0,0.0,0.0,0.0,0.0,2.0,16.0,8.0,0.0,0.0,0.0,0.0,0.0,0.0,0.0,0.0,16.0,0.0,3.6
392,Gary Kubiak,DEN,QB,30.0,16.0,0.0,3.0,5.0,33.0,0.0,3.0,11.0,0.0,0.0,0.0,1.0,0.0,33.0,0.0,5.0,11.0,0.0,3.0,0.0,0.0,0.41999999999999993
393,Aubrey Matthews,DET,WR,29.0,1.0,1.0,0.0,0.0,0.0,0.0,0.0,0.0,3.0,21.0,7.0,0.0,0.0,0.0,0.0,0.0,0.0,0.0,0.0,21.0,0.0,5.1
394,Jimmy Raye,RAM,WR,23.0,2.0,0.0,0.0,0.0,0.0,0.0,0.0,0.0,1.0,19.0,19.0,0.0,0.0,0.0,0.0,0.0,0.0,0.0,0.0,19.0,0.0,2.9
395,Lee Rouson,CLE,RB,29.0,16.0,3.0,0.0,0.0,0.0,0.0,3.0,14.0,2.0,9.0,4.5,0.0,0.0,0.0,0.0,0.0,14.0,0.0,3.0,9.0,0.0,4.3
396,Greg Scales,NOR,TE,25.0,2.0,1.0,0.0,0.0,0.0,0.0,0.0,0.0,3.0,23.0,7.67,0.0,0.0,0.0,0.0,0.0,0.0,0.0,0.0,23.0,0.0,5.3
397,Wesley Walls,SFO,TE,25.0,15.0,0.0,0.0,0.0,0.0,0.0,0.0,0.0,2.0,24.0,12.0,0.0,0.0,0.0,0.0,0.0,0.0,0.0,0.0,24.0,0.0,4.4
398,Chris Warren,SEA,RB,23.0,16.0,1.0,0.0,0.0,0.0,0.0,11.0,13.0,2.0,9.0,4.5,3.0,0.0,0.0,0.0,0.0,13.0,0.0,11.0,9.0,0.0,-1.7999999999999998
399,Marcus Wilson,RAI,RB,23.0,1.0,0.0,0.0,0.0,0.0,0.0,6.0,21.0,0.0,0.0,0.0,0.0,0.0,0.0,0.0,0.0,21.0,0.0,6.0,0.0,0.0,2.1
400,Mike Alexander,BUF,WR,26.0,3.0,1.0,0.0,0.0,0.0,0.0,0.0,0.0,1.0,7.0,7.0,0.0,0.0,0.0,0.0,0.0,0.0,0.0,0.0,7.0,0.0,1.7
401,Jarrod Bunch,NYG,RB,23.0,16.0,1.0,0.0,0.0,0.0,0.0,1.0,0.0,2.0,8.0,4.0,1.0,0.0,0.0,0.0,0.0,0.0,0.0,1.0,8.0,0.0,0.7999999999999998
402,James Coley,IND,TE,24.0,7.0,4.0,0.0,0.0,0.0,0.0,0.0,0.0,1.0,13.0,13.0,0.0,0.0,0.0,0.0,0.0,0.0,0.0,0.0,13.0,0.0,2.3
403,Randall Cunningham,PHI,QB,28.0,1.0,1.0,1.0,4.0,19.0,0.0,0.0,0.0,0.0,0.0,0.0,0.0,0.0,19.0,0.0,4.0,0.0,0.0,0.0,0.0,0.0,0.76
404,Darvell Huffman,IND,WR,24.0,3.0,0.0,0.0,0.0,0.0,0.0,1.0,-8.0,3.0,14.0,4.67,0.0,0.0,0.0,0.0,0.0,-8.0,0.0,1.0,14.0,0.0,3.6000000000000005
405,Barry Johnson,DEN,WR,23.0,4.0,0.0,0.0,0.0,0.0,0.0,0.0,0.0,1.0,13.0,13.0,0.0,0.0,0.0,0.0,0.0,0.0,0.0,0.0,13.0,0.0,2.3
406,Craig Kupp,PHO,QB,24.0,1.0,0.0,3.0,7.0,23.0,0.0,1.0,5.0,0.0,0.0,0.0,1.0,0.0,23.0,0.0,7.0,5.0,0.0,1.0,0.0,0.0,-0.5800000000000001
407,Marc Logan,MIA,RB,26.0,16.0,0.0,0.0,0.0,0.0,0.0,4.0,5.0,0.0,0.0,0.0,1.0,0.0,0.0,0.0,0.0,5.0,0.0,4.0,0.0,0.0,-1.5
408,Bobby Morse,NOR,RB,26.0,6.0,0.0,0.0,0.0,0.0,0.0,3.0,7.0,0.0,0.0,0.0,0.0,0.0,0.0,0.0,0.0,7.0,0.0,3.0,0.0,0.0,0.7
409,Bruce Perkins,IND,RB,24.0,14.0,1.0,0.0,0.0,0.0,0.0,4.0,11.0,3.0,-2.0,-0.67,0.0,0.0,0.0,0.0,0.0,11.0,0.0,4.0,-2.0,0.0,3.9
410,Jim Riggs,CIN,TE,28.0,16.0,1.0,0.0,0.0,0.0,0.0,0.0,0.0,4.0,14.0,3.5,0.0,0.0,0.0,0.0,0.0,0.0,0.0,0.0,14.0,0.0,5.4
411,Reggie Rivers,DEN,RB,23.0,16.0,0.0,0.0,0.0,0.0,0.0,2.0,5.0,0.0,0.0,0.0,0.0,0.0,0.0,0.0,0.0,5.0,0.0,2.0,0.0,0.0,0.5
412,John Talley,CLE,WR,27.0,3.0,1.0,0.0,0.0,0.0,0.0,0.0,0.0,1.0,13.0,13.0,0.0,0.0,0.0,0.0,0.0,0.0,0.0,0.0,13.0,0.0,2.3
413,Andre Ware,DET,QB,23.0,1.0,0.0,0.0,0.0,0.0,0.0,4.0,6.0,0.0,0.0,0.0,1.0,0.0,0.0,0.0,0.0,6.0,0.0,4.0,0.0,0.0,-1.4
414,Duane Young,SDG,TE,23.0,7.0,5.0,0.0,0.0,0.0,0.0,0.0,0.0,2.0,12.0,6.0,0.0,0.0,0.0,0.0,0.0,0.0,0.0,0.0,12.0,0.0,3.2
415,George Adams,NWE,RB,29.0,2.0,1.0,0.0,0.0,0.0,0.0,2.0,3.0,0.0,0.0,0.0,0.0,0.0,0.0,0.0,0.0,3.0,0.0,2.0,0.0,0.0,0.3
416,Gerald Alphin,NOR,0,27.0,5.0,0.0,0.0,0.0,0.0,0.0,0.0,0.0,0.0,0.0,0.0,0.0,0.0,0.0,0.0,0.0,0.0,0.0,0.0,0.0,0.0,0.0
417,Steve Avery,GNB,0,25.0,1.0,0.0,0.0,0.0,0.0,0.0,0.0,0.0,0.0,0.0,0.0,0.0,0.0,0.0,0.0,0.0,0.0,0.0,0.0,0.0,0.0,0.0
418,Randy Baldwin,MIN,0,24.0,4.0,0.0,0.0,0.0,0.0,0.0,0.0,0.0,0.0,0.0,0.0,0.0,0.0,0.0,0.0,0.0,0.0,0.0,0.0,0.0,0.0,0.0
419,Reggie Barrett,DET,0,22.0,2.0,0.0,0.0,0.0,0.0,0.0,0.0,0.0,0.0,0.0,0.0,0.0,0.0,0.0,0.0,0.0,0.0,0.0,0.0,0.0,0.0,0.0
420,Rich Bartlewski,ATL,0,24.0,1.0,0.0,0.0,0.0,0.0,0.0,0.0,0.0,0.0,0.0,0.0,0.0,0.0,0.0,0.0,0.0,0.0,0.0,0.0,0.0,0.0,0.0
421,John Brandes,WAS,0,27.0,16.0,0.0,0.0,0.0,0.0,0.0,0.0,0.0,0.0,0.0,0.0,0.0,0.0,0.0,0.0,0.0,0.0,0.0,0.0,0.0,0.0,0.0
422,Mike Buck,NOR,QB,24.0,2.0,0.0,1.0,2.0,61.0,1.0,0.0,0.0,0.0,0.0,0.0,0.0,0.0,61.0,0.0,2.0,0.0,0.0,0.0,0.0,0.0,0.43999999999999995
423,Matt Cavanaugh,NYG,0,35.0,4.0,0.0,0.0,0.0,0.0,0.0,0.0,0.0,0.0,0.0,0.0,0.0,0.0,0.0,0.0,0.0,0.0,0.0,0.0,0.0,0.0,0.0
424,Willie Davis,KAN,0,24.0,1.0,0.0,0.0,0.0,0.0,0.0,0.0,0.0,0.0,0.0,0.0,0.0,0.0,0.0,0.0,0.0,0.0,0.0,0.0,0.0,0.0,0.0
425,Walter Dean,GNB,0,23.0,9.0,0.0,0.0,0.0,0.0,0.0,0.0,0.0,0.0,0.0,0.0,1.0,0.0,0.0,0.0,0.0,0.0,0.0,0.0,0.0,0.0,-2.0
426,Derrick Douglas,CLE,0,23.0,2.0,0.0,0.0,0.0,0.0,0.0,0.0,0.0,0.0,0.0,0.0,0.0,0.0,0.0,0.0,0.0,0.0,0.0,0.0,0.0,0.0,0.0
427,Anthony Edwards,PHO,0,25.0,13.0,0.0,0.0,0.0,0.0,0.0,0.0,0.0,0.0,0.0,0.0,0.0,0.0,0.0,0.0,0.0,0.0,0.0,0.0,0.0,0.0,0.0
428,Amod Field,PHO,0,24.0,2.0,0.0,0.0,0.0,0.0,0.0,0.0,0.0,0.0,0.0,0.0,0.0,0.0,0.0,0.0,0.0,0.0,0.0,0.0,0.0,0.0,0.0
429,Eddie Fuller,BUF,0,23.0,5.0,0.0,0.0,0.0,0.0,0.0,0.0,0.0,0.0,0.0,0.0,0.0,0.0,0.0,0.0,0.0,0.0,0.0,0.0,0.0,0.0,0.0
430,Ronnie Haliburton,DEN,0,23.0,8.0,0.0,0.0,0.0,0.0,0.0,0.0,0.0,0.0,0.0,0.0,0.0,0.0,0.0,0.0,0.0,0.0,0.0,0.0,0.0,0.0,0.0
431,Robert Hardy,TAM,0,24.0,16.0,0.0,0.0,0.0,0.0,0.0,0.0,0.0,0.0,0.0,0.0,1.0,0.0,0.0,0.0,0.0,0.0,0.0,0.0,0.0,0.0,-2.0
432,Rusty Hilger,IND,QB,29.0,1.0,0.0,0.0,1.0,0.0,0.0,0.0,0.0,0.0,0.0,0.0,0.0,0.0,0.0,0.0,1.0,0.0,0.0,0.0,0.0,0.0,0.0
433,Jamie Holland,RAI,0,27.0,16.0,0.0,0.0,0.0,0.0,0.0,0.0,0.0,0.0,0.0,0.0,0.0,0.0,0.0,0.0,0.0,0.0,0.0,0.0,0.0,0.0,0.0
434,Darryl Ingram,CLE,0,25.0,2.0,0.0,0.0,0.0,0.0,0.0,0.0,0.0,0.0,0.0,0.0,0.0,0.0,0.0,0.0,0.0,0.0,0.0,0.0,0.0,0.0,0.0
435,Alfred Jackson,CLE,0,24.0,6.0,1.0,0.0,0.0,0.0,0.0,0.0,0.0,0.0,0.0,0.0,0.0,0.0,0.0,0.0,0.0,0.0,0.0,0.0,0.0,0.0,0.0
436,James Jenkins,WAS,0,24.0,4.0,0.0,0.0,0.0,0.0,0.0,0.0,0.0,0.0,0.0,0.0,0.0,0.0,0.0,0.0,0.0,0.0,0.0,0.0,0.0,0.0,0.0
437,Stanford Jennings,NOR,0,29.0,5.0,0.0,0.0,0.0,0.0,0.0,0.0,0.0,0.0,0.0,0.0,1.0,0.0,0.0,0.0,0.0,0.0,0.0,0.0,0.0,0.0,-2.0
438,Alex Johnson,HOU,0,23.0,5.0,0.0,0.0,0.0,0.0,0.0,0.0,0.0,0.0,0.0,0.0,0.0,0.0,0.0,0.0,0.0,0.0,0.0,0.0,0.0,0.0,0.0
439,Joe Johnson,WAS,0,29.0,2.0,0.0,0.0,0.0,0.0,0.0,0.0,0.0,0.0,0.0,0.0,0.0,0.0,0.0,0.0,0.0,0.0,0.0,0.0,0.0,0.0,0.0
440,Victor Jones,HOU,0,24.0,14.0,0.0,0.0,0.0,0.0,0.0,0.0,0.0,0.0,0.0,0.0,0.0,0.0,0.0,0.0,0.0,0.0,0.0,0.0,0.0,0.0,0.0
441,Trey Junkin,SEA,0,30.0,16.0,0.0,0.0,0.0,0.0,0.0,0.0,0.0,0.0,0.0,0.0,0.0,0.0,0.0,0.0,0.0,0.0,0.0,0.0,0.0,0.0,0.0
442,Pat Kelly,NYJ,0,26.0,8.0,0.0,0.0,0.0,0.0,0.0,0.0,0.0,0.0,0.0,0.0,0.0,0.0,0.0,0.0,0.0,0.0,0.0,0.0,0.0,0.0,0.0
443,Brian Kinchen,CLE,0,26.0,14.0,0.0,0.0,0.0,0.0,0.0,0.0,0.0,0.0,0.0,0.0,1.0,0.0,0.0,0.0,0.0,0.0,0.0,0.0,0.0,0.0,-2.0
444,David Lang,RAM,0,23.0,16.0,0.0,0.0,0.0,0.0,0.0,0.0,0.0,0.0,0.0,0.0,1.0,0.0,0.0,0.0,0.0,0.0,0.0,0.0,0.0,0.0,-2.0
445,Brian Lattimore,IND,0,25.0,3.0,0.0,0.0,0.0,0.0,0.0,0.0,0.0,0.0,0.0,0.0,0.0,0.0,0.0,0.0,0.0,0.0,0.0,0.0,0.0,0.0,0.0
446,Harper LeBel,ATL,0,28.0,3.0,0.0,0.0,0.0,0.0,0.0,0.0,0.0,0.0,0.0,0.0,0.0,0.0,0.0,0.0,0.0,0.0,0.0,0.0,0.0,0.0,0.0
447,Dave Little,DET,0,30.0,2.0,0.0,0.0,0.0,0.0,0.0,0.0,0.0,0.0,0.0,0.0,0.0,0.0,0.0,0.0,0.0,0.0,0.0,0.0,0.0,0.0,0.0
448,Doug Lloyd,RAI,0,26.0,1.0,0.0,0.0,0.0,0.0,0.0,0.0,0.0,0.0,0.0,0.0,0.0,0.0,0.0,0.0,0.0,0.0,0.0,0.0,0.0,0.0,0.0
449,Tony Lomack,PHO,0,23.0,1.0,0.0,0.0,0.0,0.0,0.0,0.0,0.0,0.0,0.0,0.0,0.0,0.0,0.0,0.0,0.0,0.0,0.0,0.0,0.0,0.0,0.0
450,Chuck Long,DET,0,28.0,0.0,0.0,0.0,0.0,0.0,0.0,0.0,0.0,0.0,0.0,0.0,0.0,0.0,0.0,0.0,0.0,0.0,0.0,0.0,0.0,0.0,0.0
451,Bruce McGonnigal,CLE,0,23.0,2.0,0.0,0.0,0.0,0.0,0.0,0.0,0.0,0.0,0.0,0.0,0.0,0.0,0.0,0.0,0.0,0.0,0.0,0.0,0.0,0.0,0.0
452,Frank Miotke,HOU,0,26.0,8.0,0.0,0.0,0.0,0.0,0.0,0.0,0.0,0.0,0.0,0.0,0.0,0.0,0.0,0.0,0.0,0.0,0.0,0.0,0.0,0.0,0.0
453,Scott Mitchell,MIA,0,23.0,2.0,0.0,0.0,0.0,0.0,0.0,0.0,0.0,0.0,0.0,0.0,0.0,0.0,0.0,0.0,0.0,0.0,0.0,0.0,0.0,0.0,0.0
454,Browning Nagle,NYJ,QB,23.0,1.0,0.0,1.0,2.0,10.0,0.0,1.0,-1.0,0.0,0.0,0.0,0.0,0.0,10.0,0.0,2.0,-1.0,0.0,1.0,0.0,0.0,0.30000000000000004
455,Terry Obee,MIN,0,23.0,1.0,0.0,0.0,0.0,0.0,0.0,0.0,0.0,0.0,0.0,0.0,0.0,0.0,0.0,0.0,0.0,0.0,0.0,0.0,0.0,0.0,0.0
456,Mike Oliphant,CLE,0,28.0,4.0,0.0,0.0,0.0,0.0,0.0,0.0,0.0,0.0,0.0,0.0,0.0,0.0,0.0,0.0,0.0,0.0,0.0,0.0,0.0,0.0,0.0
457,Danny Peebles,CLE,0,25.0,7.0,1.0,0.0,0.0,0.0,0.0,0.0,0.0,0.0,0.0,0.0,0.0,0.0,0.0,0.0,0.0,0.0,0.0,0.0,0.0,0.0,0.0
458,Todd Philcox,CLE,QB,25.0,4.0,0.0,4.0,8.0,49.0,1.0,1.0,-1.0,0.0,0.0,0.0,0.0,0.0,49.0,0.0,8.0,-1.0,0.0,1.0,0.0,0.0,-0.14000000000000004
459,Jake Reed,MIN,0,24.0,1.0,0.0,0.0,0.0,0.0,0.0,0.0,0.0,0.0,0.0,0.0,0.0,0.0,0.0,0.0,0.0,0.0,0.0,0.0,0.0,0.0,0.0
460,Curvin Richards,DAL,RB,23.0,2.0,0.0,0.0,0.0,0.0,0.0,2.0,4.0,0.0,0.0,0.0,0.0,0.0,0.0,0.0,0.0,4.0,0.0,2.0,0.0,0.0,0.4
461,Eugene Riley,DET,TE,25.0,5.0,1.0,0.0,0.0,0.0,0.0,0.0,0.0,1.0,3.0,3.0,0.0,0.0,0.0,0.0,0.0,0.0,0.0,0.0,3.0,0.0,1.3
462,Troy Sadowski,KAN,0,26.0,14.0,1.0,0.0,0.0,0.0,0.0,0.0,0.0,0.0,0.0,0.0,0.0,0.0,0.0,0.0,0.0,0.0,0.0,0.0,0.0,0.0,0.0
463,Tyrone Shavers,CLE,0,23.0,1.0,0.0,0.0,0.0,0.0,0.0,0.0,0.0,0.0,0.0,0.0,0.0,0.0,0.0,0.0,0.0,0.0,0.0,0.0,0.0,0.0,0.0
464,Derrick Shepard,DAL,0,27.0,6.0,0.0,0.0,0.0,0.0,0.0,0.0,0.0,0.0,0.0,0.0,0.0,0.0,0.0,0.0,0.0,0.0,0.0,0.0,0.0,0.0,0.0
465,Joey Smith,NYG,0,22.0,1.0,0.0,0.0,0.0,0.0,0.0,0.0,0.0,0.0,0.0,0.0,0.0,0.0,0.0,0.0,0.0,0.0,0.0,0.0,0.0,0.0,0.0
466,Kelly Stouffer,SEA,QB,27.0,2.0,1.0,6.0,15.0,57.0,1.0,0.0,0.0,0.0,0.0,0.0,0.0,0.0,57.0,0.0,15.0,0.0,0.0,0.0,0.0,0.0,0.2799999999999998
467,Rick Strom,PIT,0,26.0,1.0,0.0,0.0,0.0,0.0,0.0,0.0,0.0,0.0,0.0,0.0,0.0,0.0,0.0,0.0,0.0,0.0,0.0,0.0,0.0,0.0,0.0
468,Mosi Tatupu,RAM,0,36.0,5.0,0.0,0.0,0.0,0.0,0.0,0.0,0.0,0.0,0.0,0.0,0.0,0.0,0.0,0.0,0.0,0.0,0.0,0.0,0.0,0.0,0.0
469,Gene Taylor,NWE,0,29.0,1.0,0.0,0.0,0.0,0.0,0.0,0.0,0.0,0.0,0.0,0.0,0.0,0.0,0.0,0.0,0.0,0.0,0.0,0.0,0.0,0.0,0.0
470,Yancey Thigpen,SDG,0,22.0,4.0,1.0,0.0,0.0,0.0,0.0,0.0,0.0,0.0,0.0,0.0,0.0,0.0,0.0,0.0,0.0,0.0,0.0,0.0,0.0,0.0,0.0
471,Frank Wainright,NOR,TE,24.0,14.0,2.0,0.0,0.0,0.0,0.0,0.0,0.0,1.0,3.0,3.0,0.0,0.0,0.0,0.0,0.0,0.0,0.0,0.0,3.0,0.0,1.3
472,Mark Walczak,SDG,0,29.0,1.0,0.0,0.0,0.0,0.0,0.0,0.0,0.0,0.0,0.0,0.0,0.0,0.0,0.0,0.0,0.0,0.0,0.0,0.0,0.0,0.0,0.0
473,Chuck Weatherspoon,TAM,0,23.0,4.0,0.0,0.0,0.0,0.0,0.0,0.0,0.0,0.0,0.0,0.0,0.0,0.0,0.0,0.0,0.0,0.0,0.0,0.0,0.0,0.0,0.0
474,Chuck Webb,GNB,0,22.0,2.0,0.0,0.0,0.0,0.0,0.0,0.0,0.0,0.0,0.0,0.0,0.0,0.0,0.0,0.0,0.0,0.0,0.0,0.0,0.0,0.0,0.0
475,Mike Williams,MIA,0,25.0,3.0,0.0,0.0,0.0,0.0,0.0,0.0,0.0,0.0,0.0,0.0,0.0,0.0,0.0,0.0,0.0,0.0,0.0,0.0,0.0,0.0,0.0
476,Ron Wolfley,PHO,0,29.0,16.0,0.0,0.0,0.0,0.0,0.0,0.0,0.0,0.0,0.0,0.0,0.0,0.0,0.0,0.0,0.0,0.0,0.0,0.0,0.0,0.0,0.0
477,Eric Wright,CHI,0,22.0,0.0,0.0,0.0,0.0,0.0,0.0,0.0,0.0,0.0,0.0,0.0,0.0,0.0,0.0,0.0,0.0,0.0,0.0,0.0,0.0,0.0,0.0
478,Brad Goebel,PHI,QB,24.0,5.0,2.0,30.0,56.0,267.0,6.0,1.0,2.0,0.0,0.0,0.0,2.0,0.0,267.0,0.0,56.0,2.0,0.0,1.0,0.0,0.0,-5.12
479,Mark Herrmann,IND,QB,32.0,2.0,0.0,11.0,19.0,137.0,3.0,1.0,-1.0,0.0,0.0,0.0,0.0,0.0,137.0,0.0,19.0,-1.0,0.0,1.0,0.0,0.0,-0.6199999999999996
480,Dan McGwire,SEA,QB,24.0,1.0,1.0,3.0,7.0,27.0,1.0,0.0,0.0,0.0,0.0,0.0,0.0,0.0,27.0,0.0,7.0,0.0,0.0,0.0,0.0,0.0,-0.9199999999999999
481,Jack Trudeau,IND,QB,29.0,2.0,0.0,2.0,7.0,19.0,1.0,0.0,0.0,0.0,0.0,0.0,0.0,0.0,19.0,0.0,7.0,0.0,0.0,0.0,0.0,0.0,-1.24
482,Brett Favre,ATL,QB,22.0,2.0,0.0,0.0,4.0,0.0,2.0,0.0,0.0,0.0,0.0,0.0,0.0,0.0,0.0,0.0,4.0,0.0,0.0,0.0,0.0,0.0,-4.0
483,Pat Ryan,PHI,QB,36.0,4.0,0.0,10.0,26.0,98.0,4.0,1.0,-2.0,0.0,0.0,0.0,2.0,0.0,98.0,0.0,26.0,-2.0,0.0,1.0,0.0,0.0,-8.280000000000001
